date,y,y_pred
2015-07-01,20364038.0,12967313.843628112
2015-07-02,20737438.0,12380273.04247439
2015-07-03,19555130.0,11303455.709535616
2015-07-04,20402177.0,12545144.835142458
2015-07-05,20750743.0,12736823.614934258
2015-07-06,22517745.0,14276687.19108487
2015-07-07,21181823.0,13517412.360501045
2015-07-08,19088471.0,13263769.810408363
2015-07-09,19960597.0,12912579.421306044
2015-07-10,20165160.0,12095566.003213134
2015-07-11,19661638.0,13680388.525555583
2015-07-12,20215385.0,14217498.453395993
2015-07-13,20490531.0,16153121.170952205
2015-07-14,19668484.0,15751685.710781693
2015-07-15,19536504.0,15873497.767306563
2015-07-16,19633588.0,15894102.46015461
2015-07-17,18971541.0,15428970.333960686
2015-07-18,18344575.0,17400697.69755072
2015-07-19,18804725.0,18275268.475910917
2015-07-20,20326456.0,20544618.045480754
2015-07-21,19715802.0,20383809.64234103
2015-07-22,19517546.0,20708826.04124664
2015-07-23,19607219.0,20875366.924799643
2015-07-24,18627806.0,20485360.36768788
2015-07-25,19300490.0,22520297.228862733
2015-07-26,20393582.0,23366827.68074182
2015-07-27,20130375.0,25568808.1744372
2015-07-28,19878181.0,25219096.955828864
2015-07-29,27541011.0,25297311.46941507
2015-07-30,18481145.0,25147885.636710856
2015-07-31,17914903.0,24368214.589350384
2015-08-01,18168613.0,26007918.0518928
2015-08-02,19391468.0,26383558.74483928
2015-08-03,18937054.0,28099957.261143994
2015-08-04,20502711.0,27176394.482630115
2015-08-05,20233508.0,26664130.894768536
2015-08-06,20034590.0,25903533.549974144
2015-08-07,19092354.0,24493682.284919508
2015-08-08,19420692.0,25557413.202655613
2015-08-09,19682609.0,25345036.770040117
2015-08-10,19836249.0,26524828.297496572
2015-08-11,18344984.0,25043577.213931262
2015-08-12,19354570.0,24023842.081642635
2015-08-13,19142593.0,22800155.556678504
2015-08-14,19392303.0,20970134.72477172
2015-08-15,19258461.0,21725380.55111443
2015-08-16,19640102.0,21244302.826216213
2015-08-17,20289060.0,22251921.93329373
2015-08-18,20060120.0,20614925.70651724
2015-08-19,18867663.0,19518841.78109193
2015-08-20,19056020.0,18283518.43549079
2015-08-21,18884273.0,16495948.11494271
2015-08-22,18774833.0,17407237.766603522
2015-08-23,19867286.0,17114755.938456006
2015-08-24,20179188.0,18391456.082078848
2015-08-25,18539740.0,17015640.90570899
2015-08-26,18068841.0,16228236.658334982
2015-08-27,17835168.0,15327714.59852599
2015-08-28,17257786.0,13884768.608513122
2015-08-29,17809792.0,15205470.14512699
2015-08-30,18171711.0,15302821.460315518
2015-08-31,20535354.0,16995652.863476735
2015-09-01,18067601.0,15973114.513858123
2015-09-02,18405336.0,15532040.035373501
2015-09-03,17842176.0,14951264.253660657
2015-09-04,17467839.0,13788080.412274543
2015-09-05,17889601.0,15407477.526618639
2015-09-06,18984724.0,15742972.903019115
2015-09-07,19732067.0,17664935.657610875
2015-09-08,19633691.0,16779641.6044784
2015-09-09,18598040.0,16446549.843947511
2015-09-10,18045104.0,15931833.280969644
2015-09-11,18545589.0,14786429.831385065
2015-09-12,18921943.0,16441160.05668965
2015-09-13,19054571.0,16756721.395069951
2015-09-14,19209239.0,18661212.69897433
2015-09-15,19259534.0,17683651.04444431
2015-09-16,18089144.0,17250988.51496517
2015-09-17,18036358.0,16620790.640866399
2015-09-18,17584786.0,15340791.245384721
2015-09-19,17712219.0,16909842.268316764
2015-09-20,19452099.0,17117029.954118896
2015-09-21,20634380.0,18948401.350575402
2015-09-22,18669362.0,17855029.127464224
2015-09-23,19374816.0,17329745.770770025
2015-09-24,17764328.0,16619110.19904514
2015-09-25,17645706.0,15264542.020649165
2015-09-26,17917595.0,16829207.456328344
2015-09-27,18554386.0,17026441.469887327
2015-09-28,20175118.0,18895760.86550097
2015-09-29,17412353.0,17805640.92063066
2015-09-30,19557528.0,17310112.61750763
2015-10-01,18704051.0,16640159.502520787
2015-10-02,18364309.0,15326565.79426242
2015-10-03,18036007.0,16992861.456026778
2015-10-04,18803868.0,17273158.5763658
2015-10-05,19146525.0,19257541.7741561
2015-10-06,18109045.0,18229627.477333333
2015-10-07,18698394.0,17803073.500254143
2015-10-08,18916768.0,17192432.958440892
2015-10-09,18307000.0,15917720.26069099
2015-10-10,18793503.0,17663396.99058363
2015-10-11,18976895.0,17985582.891954046
2015-10-12,20130555.0,20026764.32510895
2015-10-13,19398331.0,18988059.57755895
2015-10-14,18638630.0,18545549.55620422
2015-10-15,18669929.0,17900486.044305995
2015-10-16,17729914.0,16565464.812143384
2015-10-17,17902906.0,18289337.10503924
2015-10-18,18891219.0,18553679.282827545
2015-10-19,21201043.0,20556706.275800094
2015-10-20,20528590.0,19420136.271845818
2015-10-21,21401602.0,18885245.503215473
2015-10-22,21315971.0,18142346.34768594
2015-10-23,18784151.0,16698498.031620996
2015-10-24,17399660.0,18368291.11345837
2015-10-25,19954819.0,18559541.463978387
2015-10-26,20392914.0,20526393.493588068
2015-10-27,20747825.0,19310788.24631346
2015-10-28,20334904.0,18718265.133903366
2015-10-29,18586647.0,17926750.529976778
2015-10-30,17961860.0,16435862.933675079
2015-10-31,17910504.0,18123641.464553613
2015-11-01,17763298.0,18321546.85197321
2015-11-02,21109666.0,20336845.917633742
2015-11-03,20868540.0,19128780.29181126
2015-11-04,19806825.0,18564214.80924731
2015-11-05,19507743.0,17805835.53338686
2015-11-06,17848974.0,16343144.324074168
2015-11-07,17332642.0,18115219.23904612
2015-11-08,18319734.0,18375100.58165759
2015-11-09,20552266.0,20481522.388926648
2015-11-10,19315622.0,19309833.18715186
2015-11-11,18988156.0,18787526.580707446
2015-11-12,18590630.0,18061867.325749833
2015-11-13,17860236.0,16612576.539461294
2015-11-14,17806236.0,18440607.96112781
2015-11-15,18870007.0,18721886.384411067
2015-11-16,20657921.0,20868338.043619506
2015-11-17,19579562.0,19673501.55569845
2015-11-18,19745609.0,19127867.228428192
2015-11-19,18971756.0,18365848.5810337
2015-11-20,17394951.0,16860069.240045868
2015-11-21,18765301.0,18676062.722690742
2015-11-22,19221630.0,18915270.60178009
2015-11-23,20393405.0,21045281.889002517
2015-11-24,19162233.0,19697062.51224982
2015-11-25,18568725.0,19014420.85415362
2015-11-26,17993586.0,18123116.69929257
2015-11-27,17705131.0,16501304.952723075
2015-11-28,18975958.0,18203037.8311048
2015-11-29,19117820.0,18337488.949994344
2015-11-30,21180335.0,20345023.388644513
2015-12-01,19895901.0,19012961.71160057
2015-12-02,17917915.0,18349290.861979295
2015-12-03,18221413.0,17492282.700228754
2015-12-04,17698714.0,15927328.549059499
2015-12-05,18003793.0,17650737.016486812
2015-12-06,18234703.0,17839701.125450503
2015-12-07,20874568.0,19884650.74328084
2015-12-08,19828780.0,18645242.180728782
2015-12-09,17819909.0,18070834.331047427
2015-12-10,16367743.0,17309902.337264568
2015-12-11,17311908.0,15853049.590563012
2015-12-12,16035196.0,17637167.61229985
2015-12-13,18152694.0,17906200.6458769
2015-12-14,19079271.0,19999821.129141755
2015-12-15,17082003.0,18849670.53073854
2015-12-16,17437719.0,18346610.597276427
2015-12-17,16312644.0,17649925.954756778
2015-12-18,16056841.0,16256491.576170802
2015-12-19,16413187.0,18045257.730732717
2015-12-20,16528858.0,18328761.308842212
2015-12-21,17619880.0,20398061.585962884
2015-12-22,17299761.0,19259159.62603481
2015-12-23,17595185.0,18746944.469622437
2015-12-24,17035246.0,18034099.667255968
2015-12-25,15866571.0,16626339.193881782
2015-12-26,17734171.0,18347131.29872074
2015-12-27,17275188.0,18579874.09766224
2015-12-28,18784420.0,20569015.585117336
2015-12-29,17368558.0,19396584.493335422
2015-12-30,17228537.0,18842775.46080293
2015-12-31,16839014.0,18094516.541835044
2016-01-01,16226325.0,16666745.048161235
2016-01-02,17465362.0,18327357.177635457
2016-01-03,17397299.0,18530050.610838626
2016-01-04,19077169.0,20471647.31150581
2016-01-05,18000248.0,19308769.61642441
2016-01-06,18212831.0,18765112.326434843
2016-01-07,17115893.0,18039731.772301834
2016-01-08,16222884.0,16654432.85607203
2016-01-09,16288228.0,18319024.125379026
2016-01-10,17141383.0,18554912.855989885
2016-01-11,18926389.0,20508719.159446515
2016-01-12,18289447.0,19409185.971223608
2016-01-13,16996678.0,18921223.97438867
2016-01-14,18010467.0,18254002.54241242
2016-01-15,17317613.0,16934520.045311224
2016-01-16,17994883.0,18613225.76325214
2016-01-17,18540990.0,18878416.091210175
2016-01-18,19257663.0,20826174.143335253
2016-01-19,19512926.0,19757532.145349566
2016-01-20,18588850.0,19279291.27097284
2016-01-21,18787547.0,18611899.893835116
2016-01-22,16741267.0,17289176.25037369
2016-01-23,17346910.0,18904250.776424274
2016-01-24,17441547.0,19114702.84112089
2016-01-25,19947747.0,20968752.871994838
2016-01-26,18476524.0,19842593.993751716
2016-01-27,19065944.0,19287895.98046877
2016-01-28,17160208.0,18539375.186884202
2016-01-29,17025052.0,17140572.090332985
2016-01-30,16940208.0,18630017.794315204
2016-01-31,18255565.0,18737019.31838119
2016-02-01,20135928.0,20464019.509010904
2016-02-02,18767382.0,19264023.186473582
2016-02-03,18693769.0,18634722.944690365
2016-02-04,18338803.0,17825715.88804653
2016-02-05,17709957.0,16390295.740807226
2016-02-06,18402911.0,17811840.219930854
2016-02-07,19184933.0,17890241.75007619
2016-02-08,20451615.0,19580463.197277617
2016-02-09,19420367.0,18410090.449762933
2016-02-10,17646633.0,17820148.1887181
2016-02-11,15775056.0,17072020.90287151
2016-02-12,16448837.0,15725365.884635024
2016-02-13,17354269.0,17204802.411908295
2016-02-14,18594281.0,17377089.677956738
2016-02-15,19883798.0,19145998.500506353
2016-02-16,20440632.0,18110093.492715996
2016-02-17,20031051.0,17650354.304824922
2016-02-18,18705113.0,17036904.088110954
2016-02-19,17653734.0,15833133.08009652
2016-02-20,17704382.0,17402783.961982295
2016-02-21,18479068.0,17677945.90969003
2016-02-22,20307686.0,19510298.198230393
2016-02-23,18999894.0,18569160.027211003
2016-02-24,18824359.0,18175936.113560826
2016-02-25,19212890.0,17610651.52886055
2016-02-26,17896173.0,16442264.652656883
2016-02-27,18595935.0,17976107.7440463
2016-02-28,19626236.0,18212637.400496725
2016-02-29,21384819.0,19954973.14030952
2016-03-01,19742613.0,18947122.826366775
2016-03-02,19455217.0,18455147.938032154
2016-03-03,20938224.0,17773390.404947475
2016-03-04,17824759.0,16480854.060965542
2016-03-05,19347314.0,17828876.496584177
2016-03-06,18307032.0,17890512.463057734
2016-03-07,19162407.0,19424247.985700004
2016-03-08,18196304.0,18252289.40303214
2016-03-09,17974357.0,17588347.051639654
2016-03-10,17123976.0,16743466.50676418
2016-03-11,15559551.0,15308407.20308069
2016-03-12,16226423.0,16481492.613178246
2016-03-13,14556858.0,16408593.623704948
2016-03-14,18492838.0,17803006.222018927
2016-03-15,16685278.0,16563813.642881248
2016-03-16,16183749.0,15850319.227459222
2016-03-17,15908866.0,14987533.309265692
2016-03-18,15777097.0,13574619.336922696
2016-03-19,14413015.0,14753009.878983552
2016-03-20,13909415.0,14737092.21068232
2016-03-21,15172398.0,16190363.697960513
2016-03-22,14357279.0,15083989.864308754
2016-03-23,14993843.0,14518014.476681532
2016-03-24,14497405.0,13826631.76873615
2016-03-25,13982838.0,12612827.748076681
2016-03-26,14474492.0,13956884.108880594
2016-03-27,15221520.0,14137879.079526223
2016-03-28,17284773.0,15766221.353325304
2016-03-29,15595791.0,14882489.906181606
2016-03-30,15188594.0,14525489.73672715
2016-03-31,14398425.0,14037358.568331122
2016-04-01,13487335.0,13024431.869126763
2016-04-02,14954681.0,14506141.854004534
2016-04-03,16058027.0,14827319.30767815
2016-04-04,18037294.0,16547070.805563636
2016-04-05,16885075.0,15777845.150556762
2016-04-06,16909367.0,15500261.423881453
2016-04-07,16722311.0,15067960.791143037
2016-04-08,16070932.0,14094592.462947998
2016-04-09,17020266.0,15542994.624913514
2016-04-10,17212374.0,15828176.980901806
2016-04-11,19063508.0,17462417.399097554
2016-04-12,18295210.0,16634431.065496532
2016-04-13,16976096.0,16270850.460487798
2016-04-14,16991953.0,15740708.835878596
2016-04-15,16504666.0,14668443.84847995
2016-04-16,17083363.0,16181060.391074663
2016-04-17,17425619.0,16553667.920058487
2016-04-18,20037973.0,18307926.658845812
2016-04-19,18423404.0,17559468.024273913
2016-04-20,17561604.0,17278924.014136996
2016-04-21,15592562.0,16818483.6652069
2016-04-22,15472794.0,15770216.53086248
2016-04-23,16562005.0,17283566.17782825
2016-04-24,17652551.0,17583834.344379026
2016-04-25,20040637.0,19381719.715076424
2016-04-26,17659434.0,18509305.628448695
2016-04-27,17517909.0,18156452.64617185
2016-04-28,17816115.0,17628172.495704077
2016-04-29,15845934.0,16487501.128642559
2016-04-30,17081637.0,18102952.50336654
2016-05-01,18068238.0,18432573.54458414
2016-05-02,19573286.0,20372208.757295147
2016-05-03,19030931.0,19466633.353026554
2016-05-04,18587310.0,19121437.103572126
2016-05-05,16659699.0,18591337.084588178
2016-05-06,16300814.0,17407710.798414573
2016-05-07,17104824.0,19156106.122436453
2016-05-08,17722424.0,19525944.97303881
2016-05-09,18985879.0,21597570.826944772
2016-05-10,18590068.0,20628561.25576738
2016-05-11,17745004.0,20241112.430567585
2016-05-12,18189862.0,19641274.624955695
2016-05-13,16602318.0,18331103.97054918
2016-05-14,18003930.0,20116162.581980806
2016-05-15,19054328.0,20420782.019488163
2016-05-16,20803248.0,22513784.3060496
2016-05-17,18862993.0,21369847.074557755
2016-05-18,17854176.0,20832248.290942084
2016-05-19,17541871.0,20062874.716389403
2016-05-20,16041286.0,18538837.79130735
2016-05-21,17775973.0,20289809.651431818
2016-05-22,15507535.0,20478697.350990783
2016-05-23,19364685.0,22565898.565056905
2016-05-24,18364534.0,21245595.538204376
2016-05-25,18672358.0,20583755.623764645
2016-05-26,17790357.0,19698831.610514257
2016-05-27,16244722.0,18042787.203084715
2016-05-28,17901084.0,19868243.45240099
2016-05-29,18901682.0,20074568.953425094
2016-05-30,19457090.0,22310706.843113165
2016-05-31,18935569.0,20986465.289779913
2016-06-01,18631926.0,20385871.46016907
2016-06-02,17209546.0,19578688.96465021
2016-06-03,15813440.0,17986002.6727018
2016-06-04,15521993.0,20077345.77003434
2016-06-05,18777674.0,20482391.856332008
2016-06-06,21736824.0,23032549.495509412
2016-06-07,18980717.0,21847449.98066002
2016-06-08,20001438.0,21423853.786241155
2016-06-09,18861701.0,20778176.234354682
2016-06-10,17676457.0,19296808.583056152
2016-06-11,20168502.0,21663382.532445155
2016-06-12,21434006.0,22236195.424523614
2016-06-13,22732233.0,25028673.048890546
2016-06-14,21461787.0,23871120.797185674
2016-06-15,19409713.0,23475210.967712
2016-06-16,18093754.0,22807505.167619657
2016-06-17,16193568.0,21224459.372320343
2016-06-18,18313316.0,23629732.997253235
2016-06-19,18912180.0,24117215.19358004
2016-06-20,20812973.0,26890187.448136568
2016-06-21,19622820.0,25498137.041284703
2016-06-22,19698158.0,24876596.399918973
2016-06-23,19468127.0,23951411.5792657
2016-06-24,17758379.0,22058165.460281827
2016-06-25,19132966.0,24329257.686651267
2016-06-26,20129247.0,24602258.232180063
2016-06-27,18542864.0,27184664.817000814
2016-06-28,19901311.0,25456309.164895404
2016-06-29,19468000.0,24572572.646549262
2016-06-30,23090169.0,23428084.724945884
2016-07-01,17133730.0,21352851.96798726
2016-07-02,20085346.0,23610367.713746693
2016-07-03,20399942.0,23885049.45514353
2016-07-04,21447888.0,26669228.472977623
2016-07-05,18610671.0,25137532.48951556
2016-07-06,14388489.0,24541800.95811933
2016-07-07,14771731.0,23755181.9380012
2016-07-08,15985818.0,22092385.308212627
2016-07-09,18291216.0,24908134.219846178
2016-07-10,20242552.0,25764108.30761368
2016-07-11,21332995.0,29225681.429556333
2016-07-12,19898144.0,28332791.39054716
2016-07-13,19101411.0,28420733.03333005
2016-07-14,19102792.0,28328813.661927387
2016-07-15,17755744.0,27345064.93215204
2016-07-16,20092874.0,30905352.891276576
2016-07-17,20606170.0,32440117.457451653
2016-07-18,21999661.0,36581114.241138816
2016-07-19,20832368.0,36228985.546256304
2016-07-20,34025866.0,36800097.414012834
2016-07-21,51067835.0,37099866.59533742
2016-07-22,58359891.0,36391987.21783775
2016-07-23,59219097.0,40198196.32251058
2016-07-24,61949971.0,41824746.5779582
2016-07-25,67014393.0,45979030.02665376
2016-07-26,67166302.0,45433671.466937944
2016-07-27,65050173.0,45699177.71093581
2016-07-28,64242255.0,45561656.84695173
2016-07-29,60512119.0,44276239.516276665
2016-07-30,58943010.0,47467146.612017445
2016-07-31,62152630.0,48333517.39013466
2016-08-01,65843652.0,51675522.168033496
2016-08-02,62943516.0,50154579.80591192
2016-08-03,52662001.0,49391425.61326472
2016-08-04,45456402.0,48167844.010537475
2016-08-05,47335973.0,45743929.82864998
2016-08-06,51057249.0,47858136.92775556
2016-08-07,53293937.0,47612182.02141127
2016-08-08,58963124.0,49906415.366500504
2016-08-09,58685739.0,47295986.029713616
2016-08-10,60827085.0,45514211.298810214
2016-08-11,60273975.0,43338267.77159379
2016-08-12,58923420.0,40030301.27665635
2016-08-13,59524218.0,41437528.338463
2016-08-14,59504804.0,40556349.09126728
2016-08-15,62948832.0,42377167.325460546
2016-08-16,56391340.0,39336747.93886023
2016-08-17,24820120.0,37267178.974749975
2016-08-18,22198582.0,34925851.48132665
2016-08-19,20198111.0,31560779.128905844
2016-08-20,23156757.0,33111135.079916395
2016-08-21,23851305.0,32450968.27294441
2016-08-22,25824491.0,34643868.815121464
2016-08-23,25236592.0,31991905.3190851
2016-08-24,24013167.0,30410549.263181806
2016-08-25,22127616.0,28623286.131616548
2016-08-26,20690432.0,25851451.652653124
2016-08-27,23537709.0,28115468.008736487
2016-08-28,24758503.0,28158378.22228643
2016-08-29,26761983.0,31110517.552649487
2016-08-30,26219733.0,29135133.901367072
2016-08-31,24410024.0,28229318.343019463
2016-09-01,23921319.0,27083231.784194417
2016-09-02,20483687.0,24894383.74876728
2016-09-03,23209108.0,27769438.366705406
2016-09-04,23358851.0,28327386.0701731
2016-09-05,25413346.0,31773994.53648842
2016-09-06,25316719.0,30143846.738426127
2016-09-07,23732424.0,29526980.905808598
2016-09-08,22865639.0,28428545.99338333
2016-09-09,20656297.0,26223142.61103175
2016-09-10,23107139.0,29029530.976636793
2016-09-11,23513245.0,29439738.442814484
2016-09-12,21014243.0,32637920.09736565
2016-09-13,23982481.0,30768028.98292984
2016-09-14,27212560.0,29865705.35544006
2016-09-15,27849368.0,28632014.277680248
2016-09-16,21345891.0,26297137.796663653
2016-09-17,24481897.0,28836708.175341256
2016-09-18,24313704.0,29035350.536694616
2016-09-19,25739264.0,31955811.340727188
2016-09-20,21001026.0,29946433.466280952
2016-09-21,23213221.0,28897958.52336891
2016-09-22,22713915.0,27549357.67536514
2016-09-23,20393952.0,25154544.35642368
2016-09-24,22912669.0,27539554.27692283
2016-09-25,23692660.0,27674292.55622505
2016-09-26,24589349.0,30492185.41712502
2016-09-27,25084675.0,28537721.47955721
2016-09-28,23969560.0,27548426.792096216
2016-09-29,22727370.0,26293039.4619671
2016-09-30,20860098.0,24041477.501122165
2016-10-01,23993983.0,26463077.98088044
2016-10-02,23757096.0,26706733.436776917
2016-10-03,25940540.0,29571219.568779286
2016-10-04,26262163.0,27792920.2140449
2016-10-05,31977965.0,26953055.06110707
2016-10-06,33316716.0,25848239.541097816
2016-10-07,20726883.0,23763710.910507463
2016-10-08,22921602.0,26212592.617140885
2016-10-09,23808302.0,26524351.355338138
2016-10-10,24774853.0,29365700.792352784
2016-10-11,19565788.0,27668383.044982027
2016-10-12,17597501.0,26861499.557264596
2016-10-13,21292900.0,25774289.76513363
2016-10-14,21154729.0,23712437.68266802
2016-10-15,24149754.0,26038178.38908653
2016-10-16,24483085.0,26266893.15812752
2016-10-17,26859229.0,28938412.823927827
2016-10-18,25113205.0,27184690.87747776
2016-10-19,23549211.0,26287088.924725506
2016-10-20,21991278.0,25111245.992328417
2016-10-21,20156016.0,22986361.328650966
2016-10-22,23320751.0,25126065.116817117
2016-10-23,23519671.0,25233101.829240456
2016-10-24,25284791.0,27721012.156030845
2016-10-25,24110463.0,25921705.21858041
2016-10-26,23337188.0,24967733.586934444
2016-10-27,22162571.0,23759313.75772954
2016-10-28,19759240.0,21646668.56731052
2016-10-29,22475042.0,23691765.055884324
2016-10-30,22848380.0,23781204.629008725
2016-10-31,25113189.0,26198413.518848334
2016-11-01,23936047.0,24471250.95168778
2016-11-02,23630686.0,23579412.80123465
2016-11-03,22573154.0,22453739.972480766
2016-11-04,20768844.0,20461750.422937397
2016-11-05,22884296.0,22510363.36427145
2016-11-06,23223392.0,22667100.98096187
2016-11-07,24918968.0,25082874.662008435
2016-11-08,24497888.0,23479696.407604806
2016-11-09,24871040.0,22683256.712001458
2016-11-10,22447146.0,21654543.756790772
2016-11-11,20683520.0,19778565.012566693
2016-11-12,23385870.0,21808035.327780087
2016-11-13,24276230.0,21992846.557256375
2016-11-14,25469178.0,24353386.610190738
2016-11-15,24134581.0,22808274.314682264
2016-11-16,23933677.0,22032017.899696615
2016-11-17,22231343.0,21018840.88978943
2016-11-18,20184497.0,19174482.349595975
2016-11-19,22684302.0,21238001.003500532
2016-11-20,20292298.0,21510639.11427748
2016-11-21,24333039.0,23926687.38819055
2016-11-22,23862500.0,22491046.4846776
2016-11-23,22610419.0,21803214.235628735
2016-11-24,21031145.0,20868691.744366992
2016-11-25,19955670.0,19083701.770375412
2016-11-26,22781245.0,21122728.53826246
2016-11-27,22134747.0,21356426.84561334
2016-11-28,21291249.0,23769404.97928861
2016-11-29,22683408.0,22295083.263381217
2016-11-30,20201002.0,21590687.682768736
2016-12-01,21082749.0,20650620.28843543
2016-12-02,19471807.0,18864382.89653315
2016-12-03,22623536.0,20963280.576691892
2016-12-04,22578871.0,21249269.538555495
2016-12-05,25102483.0,23754363.03812024
2016-12-06,23600866.0,22337435.409293897
2016-12-07,22836659.0,21710324.67252955
2016-12-08,21812989.0,20853271.657775756
2016-12-09,19445052.0,19146151.80533249
2016-12-10,22768869.0,21374440.091425136
2016-12-11,22845644.0,21769087.17639841
2016-12-12,24676646.0,24407626.52860222
2016-12-13,23574879.0,23072988.29402203
2016-12-14,22574417.0,22530759.201997574
2016-12-15,20760754.0,21746721.026153065
2016-12-16,19573489.0,20091402.34143153
2016-12-17,18479620.0,22405297.513014395
2016-12-18,22342618.0,22849744.670131534
2016-12-19,24986066.0,25549689.342014648
2016-12-20,24944477.0,24214446.585528888
2016-12-21,26193681.0,23666041.68870171
2016-12-22,24104069.0,22858759.00596087
2016-12-23,22431307.0,21156915.119849127
2016-12-24,24947083.0,23459226.962348733
2016-12-25,25758858.0,23860583.74079832
2016-12-26,28254588.0,26536359.825865965
2016-12-27,26838603.0,25125022.050931733
2016-12-28,26952097.0,24507455.750534028
2016-12-29,25992820.0,23628439.355891984
2016-12-30,24261468.0,21847568.09299108
2016-12-31,26072433.0,24122716.583704323
2017-01-01,26910229.0,24482668.24869923
2017-01-02,29206169.0,27152960.534204572
2017-01-03,26996382.0,25700340.790299412
2017-01-04,26303843.0,25063101.473568484
2017-01-05,24828560.0,24174524.190836653
2017-01-06,22312443.0,22387016.26254235
2017-01-07,26630559.0,24714746.93541949
2017-01-08,27092943.0,25117227.790632486
2017-01-09,28172154.0,27866795.331718437
2017-01-10,24253727.0,26455028.64747477
2017-01-11,27376690.0,25874211.550677385
2017-01-12,24362881.0,25042864.59717674
2017-01-13,23355363.0,23303209.912247133
2017-01-14,26642822.0,25723089.44799233
2017-01-15,28187692.0,26190594.20334468
2017-01-16,29552703.0,29023267.982966647
2017-01-17,29389342.0,27636553.69078573
2017-01-18,26962717.0,27076429.822815035
2017-01-19,25646004.0,26247056.575225417
2017-01-20,23305291.0,24481572.521369733
2017-01-21,27527714.0,26903275.457024023
2017-01-22,29519109.0,27331258.140432768
2017-01-23,29691865.0,30131269.037553318
2017-01-24,28879883.0,28646102.823026244
2017-01-25,28351719.0,27979308.89060642
2017-01-26,26763634.0,27024834.23216085
2017-01-27,23722928.0,25111023.121417455
2017-01-28,27706392.0,27420924.055961292
2017-01-29,29565663.0,27708792.065280717
2017-01-30,31307572.0,30251451.128053408
2017-01-31,29415839.0,28479241.033205062
2017-02-01,27778363.0,27544591.870227728
2017-02-02,24781556.0,26342556.13702359
2017-02-03,24561592.0,24217635.590386562
2017-02-04,26624330.0,26281591.896793846
2017-02-05,27548977.0,26368143.169617124
2017-02-06,28934801.0,28809800.036184147
2017-02-07,25827878.0,27056324.39130921
2017-02-08,24061128.0,26149686.846739583
2017-02-09,24186872.0,25009279.079531293
2017-02-10,21838830.0,22993562.6347225
2017-02-11,26538879.0,25100582.3448462
2017-02-12,26511877.0,25297343.194985554
2017-02-13,27006717.0,27817870.48803748
2017-02-14,25049667.0,26253552.19853375
2017-02-15,26803935.0,25530627.157513473
2017-02-16,23925634.0,24587863.845352966
2017-02-17,21363408.0,22793184.469935432
2017-02-18,24267365.0,25027022.890750438
2017-02-19,25474980.0,25386507.59678666
2017-02-20,28176663.0,28004851.883598
2017-02-21,25033651.0,26613662.49288612
2017-02-22,24645120.0,26023015.300169032
2017-02-23,23781332.0,25191629.463038422
2017-02-24,21453413.0,23498466.70446424
2017-02-25,25927925.0,25708904.415938824
2017-02-26,26361732.0,26053666.757394806
2017-02-27,28197325.0,28569459.63033976
2017-02-28,25241091.0,27133135.414478432
2017-03-01,24758275.0,26444223.996960312
2017-03-02,20904765.0,25487451.80642041
2017-03-03,21333235.0,23659151.74435839
2017-03-04,25127956.0,25616077.479999814
2017-03-05,25790874.0,25728904.210718334
2017-03-06,27354810.0,27943930.607190304
2017-03-07,26293985.0,26288927.576816265
2017-03-08,25620987.0,25357963.290090125
2017-03-09,24654158.0,24166121.16176813
2017-03-10,21006338.0,22130594.1493084
2017-03-11,25288135.0,23802037.3124745
2017-03-12,27362030.0,23692561.695005525
2017-03-13,26984088.0,25658455.36934185
2017-03-14,23862571.0,23877698.47964083
2017-03-15,23384675.0,22837095.235997193
2017-03-16,22513621.0,21579234.241358265
2017-03-17,21790350.0,19538339.817018103
2017-03-18,24750874.0,21154262.74012039
2017-03-19,22740466.0,21075091.619489465
2017-03-20,20599968.0,23061038.37655989
2017-03-21,19935497.0,21433781.77003792
2017-03-22,19074031.0,20566080.844994396
2017-03-23,16138707.0,19521159.447341528
2017-03-24,16382152.0,17743498.63736855
2017-03-25,19006707.0,19555646.69228231
2017-03-26,18787805.0,19735620.991039783
2017-03-27,20159001.0,21942118.016680073
2017-03-28,21408938.0,20635828.043043353
2017-03-29,22119515.0,20071651.35006527
2017-03-30,17876413.0,19330603.528392803
2017-03-31,16900371.0,17865618.254809044
2017-04-01,16719302.0,19881216.678838905
2017-04-02,15534209.0,20285709.798586316
2017-04-03,22345096.0,22637712.717065863
2017-04-04,22447935.0,21539380.731709063
2017-04-05,22525875.0,21131150.666463584
2017-04-06,20932879.0,20516063.823381886
2017-04-07,18019491.0,19160453.60026006
2017-04-08,22741634.0,21156330.10985627
2017-04-09,22433187.0,21548224.52314366
2017-04-10,23319313.0,23800839.332052458
2017-04-11,18144912.0,22664032.769032218
2017-04-12,20314188.0,22169912.363360476
2017-04-13,20544406.0,21447987.37152215
2017-04-14,17481897.0,19985027.628646765
2017-04-15,19824247.0,21764745.49794121
2017-04-16,20272378.0,21972688.246888034
2017-04-17,22862649.0,23982191.449320823
2017-04-18,21355423.0,22694992.653082307
2017-04-19,20608404.0,22035239.94626991
2017-04-20,19224693.0,21162673.646896094
2017-04-21,16972266.0,19581287.00122197
2017-04-22,20048321.0,21164001.601833727
2017-04-23,21186143.0,21236843.35029035
2017-04-24,23388087.0,23078091.770757433
2017-04-25,18292995.0,21738472.302884817
2017-04-26,21127222.0,21029358.46833626
2017-04-27,19990005.0,20134806.87856763
2017-04-28,17239238.0,18572696.19524767
2017-04-29,20618374.0,20100219.813619338
2017-04-30,21661729.0,20178988.88236917
2017-05-01,24297771.0,21987528.329815656
2017-05-02,23493093.0,20721190.321950402
2017-05-03,21846980.0,20074680.06933788
2017-05-04,20770087.0,19253057.86574404
2017-05-05,18081419.0,17785450.39172808
2017-05-06,21412162.0,19311432.428352952
2017-05-07,20950702.0,19427104.39544144
2017-05-08,23829580.0,21210957.01294141
2017-05-09,23404065.0,20003501.858938966
2017-05-10,21517567.0,19384091.11011907
2017-05-11,19220809.0,18580832.38947558
2017-05-12,16622264.0,17136795.54531953
2017-05-13,20778919.0,18577186.433277622
2017-05-14,21440887.0,18636285.06986835
2017-05-15,23242305.0,20296551.741939835
2017-05-16,21982082.0,19047838.241067927
2017-05-17,21252222.0,18358360.191233493
2017-05-18,20077400.0,17483382.884171046
2017-05-19,17078974.0,15983785.683923678
2017-05-20,20831597.0,17273898.30819129
2017-05-21,21731363.0,17229182.352117248
2017-05-22,24482483.0,18738477.577362422
2017-05-23,23147377.0,17442711.684916873
2017-05-24,17383346.0,16699964.78144659
2017-05-25,15607191.0,15792889.331534885
2017-05-26,13728931.0,14299620.055224428
2017-05-27,15290684.0,15522285.713747974
2017-05-28,16532208.0,15475471.771788375
2017-05-29,18619035.0,16951668.262939468
2017-05-30,17156822.0,15739561.264631804
2017-05-31,17027845.0,15083291.903085759
2017-06-01,15807637.0,14288728.934544256
2017-06-02,13363377.0,12946855.137931313
2017-06-03,15912318.0,14243094.08501641
2017-06-04,13884104.0,14326697.619334064
2017-06-05,15064184.0,15889538.754298594
2017-06-06,17405705.0,14864123.658490438
2017-06-07,17100207.0,14377175.059441023
2017-06-08,16989800.0,13754874.322314251
2017-06-09,15157273.0,12598824.547824377
2017-06-10,16524724.0,13976272.70068944
2017-06-11,16618414.0,14170479.848461214
2017-06-12,18601468.0,15772892.673708363
2017-06-13,16514234.0,14860883.97955518
2017-06-14,16230352.0,14445642.48067324
2017-06-15,15767944.0,13876340.67079357
2017-06-16,13960647.0,12768606.311894622
2017-06-17,15706489.0,14075548.830075808
2017-06-18,15473494.0,14219000.959468706
2017-06-19,18062614.0,15694940.375540435
2017-06-20,16920085.0,14730816.737720096
2017-06-21,16865219.0,14227596.459053336
2017-06-22,14986369.0,13562699.892218513
2017-06-23,13067236.0,12370824.21399946
2017-06-24,16013834.0,13551806.12443712
2017-06-25,15219654.0,13614736.850603545
2017-06-26,12651537.0,14979906.565784672
2017-06-27,12313821.0,13982910.725552822
2017-06-28,14739607.0,13445585.225316904
2017-06-29,14402533.0,12765257.126926487
2017-06-30,13177389.0,11583385.870269323
2017-07-01,16110996.0,12721436.221238926
2017-07-02,15837731.0,12786098.030709922
2017-07-03,17448129.0,14173686.693204612
2017-07-04,16703223.0,13262761.883741396
2017-07-05,15594013.0,12844935.174770618
2017-07-06,15279600.0,12324489.763004329
2017-07-07,13391411.0,11346129.416399058
2017-07-08,16195775.0,12697825.543737864
2017-07-09,16262500.0,13021501.85447939
2017-07-10,17527465.0,14682707.526090838
2017-07-11,16793166.0,14096098.929140361
2017-07-12,15935094.0,14016296.78924446
2017-07-13,15891748.0,13848052.341506947
2017-07-14,13397382.0,13233277.061512453
2017-07-15,16321343.0,14921027.884879911
2017-07-16,16244548.0,15583807.339707343
2017-07-17,18176502.0,17552642.428976092
2017-07-18,16374822.0,17275541.115980793
2017-07-19,16384620.0,17468486.441863727
2017-07-20,13372609.0,17536209.657489542
2017-07-21,12974288.0,17118532.62622297
2017-07-22,16039885.0,18927493.366649102
2017-07-23,15875504.0,19669233.84307031
2017-07-24,17381284.0,21644427.276190646
2017-07-25,16928138.0,21339623.922067024
2017-07-26,16194476.0,21438270.534210414
2017-07-27,14745222.0,21351955.443718962
2017-07-28,12638290.0,20725908.531238653
2017-07-29,15785487.0,22243095.79090698
2017-07-30,15755279.0,22651511.579060555
2017-07-31,18461040.0,24229763.869065993
2017-08-01,16001119.0,23511116.35943477
2017-08-02,15623474.0,23154342.702375513
2017-08-03,14767419.0,22585260.14087524
2017-08-04,12635749.0,21461215.452578075
2017-08-05,13162489.0,22441993.02560823
2017-08-06,15730755.0,22322376.01078483
2017-08-07,17836874.0,23362777.26131167
2017-08-08,16665088.0,22145891.533647586
2017-08-09,17163819.0,21307326.31508955
2017-08-10,17049510.0,20287395.233088203
2017-08-11,14817686.0,18754591.12030767
2017-08-12,17130052.0,19343338.46370155
2017-08-13,15667592.0,18891883.05065594
2017-08-14,17334419.0,19638055.198539123
2017-08-15,16701570.0,18208643.273812693
2017-08-16,17605102.0,17209933.958402093
2017-08-17,16569872.0,16089916.351574054
2017-08-18,13577329.0,14520907.193330612
2017-08-19,14617060.0,15104322.55553394
2017-08-20,14585701.0,14714076.191397011
2017-08-21,18246667.0,15557656.029008249
2017-08-22,17242315.0,14298396.207631385
2017-08-23,16780650.0,13506095.822664084
2017-08-24,15458463.0,12629790.485994797
2017-08-25,13798638.0,11339670.460073488
2017-08-26,15917886.0,12198993.058971178
2017-08-27,15886130.0,12113089.163011681
2017-08-28,17746856.0,13255828.324122135
2017-08-29,17343234.0,12324839.106398476
2017-08-30,15096508.0,11852229.778655706
2017-08-31,14112875.0,11287924.426396845
2017-09-01,12075689.0,10300845.346016714
2017-09-02,14272464.0,11417913.055593463
2017-09-03,15617125.0,11578585.335651832
2017-09-04,16640533.0,13035523.939632325
2017-09-05,17187034.0,12404017.748564867
2017-09-06,16432162.0,12193873.873187304
2017-09-07,15123362.0,11853353.657720705
2017-09-08,13822285.0,11038522.666264635
2017-09-09,12442248.0,12361261.32574052
2017-09-10,15466156.0,12673399.606136318
2017-09-11,17940547.0,14213477.128390752
2017-09-12,16674266.0,13543258.261763304
2017-09-13,16070907.0,13291177.830950962
2017-09-14,15277319.0,12883361.162770992
2017-09-15,13932277.0,11964061.854867341
2017-09-16,15967798.0,13265737.588072468
2017-09-17,15791613.0,13502827.5229908
2017-09-18,18934355.0,15017140.50329288
2017-09-19,17319107.0,14222817.469738903
2017-09-20,17670586.0,13867931.350149868
2017-09-21,16600645.0,13356732.142768461
2017-09-22,14004083.0,12321188.967647914
2017-09-23,15625651.0,13613168.14662013
2017-09-24,16261101.0,13807909.578100065
2017-09-25,19075666.0,15348116.490586104
2017-09-26,17262074.0,14497453.375463903
2017-09-27,16905457.0,14120400.166081011
2017-09-28,15986895.0,13595831.214446697
2017-09-29,13239837.0,12539775.864561355
2017-09-30,11396839.0,13919814.941338625
2017-10-01,10785510.0,14168370.658804024
2017-10-02,16748098.0,15825607.499943255
2017-10-03,16540417.0,15001567.068570638
2017-10-04,16361189.0,14674366.874452377
2017-10-05,15259751.0,14195189.903002895
2017-10-06,12390620.0,13162324.704804715
2017-10-07,15141676.0,14657823.998255689
2017-10-08,15368372.0,14970633.489259787
2017-10-09,18389949.0,16738310.463902252
2017-10-10,17209956.0,15917783.470171226
2017-10-11,16827360.0,15601865.631320015
2017-10-12,17127581.0,15115607.973575084
2017-10-13,16054918.0,14041557.172283348
2017-10-14,18143612.0,15578601.559897171
2017-10-15,17601420.0,15874853.846867185
2017-10-16,19051179.0,17668094.951683603
2017-10-17,18076299.0,16765061.607093602
2017-10-18,16116126.0,16376176.004492112
2017-10-19,15212926.0,15803166.533002524
2017-10-20,14069783.0,14615451.734746816
2017-10-21,15536712.0,16131090.030076353
2017-10-22,15502123.0,16359342.99551867
2017-10-23,18229171.0,18139783.660218067
2017-10-24,17388326.0,17130065.646223065
2017-10-25,17130474.0,16658838.46565388
2017-10-26,15546022.0,16004621.522500984
2017-10-27,14848299.0,14723316.939319922
2017-10-28,16140268.0,16251282.21315478
2017-10-29,15952406.0,16457609.025713563
2017-10-30,18830440.0,18281945.453472216
2017-10-31,17443498.0,17230808.814917263
2017-11-01,18817331.0,16748759.37489562
2017-11-02,18126781.0,16088608.47363065
2017-11-03,15961482.0,14790146.481855249
2017-11-04,17334672.0,16405427.161507946
2017-11-05,17257904.0,16660850.359156186
2017-11-06,18981026.0,18593783.14744132
2017-11-07,18686110.0,17557495.277158722
2017-11-08,18249928.0,17110661.493015353
2017-11-09,15195794.0,16478963.021954313
2017-11-10,15669585.0,15185077.005980967
2017-11-11,17290357.0,16896204.55152804
2017-11-12,17175778.0,17195973.917834584
2017-11-13,20036918.0,19219861.328756798
2017-11-14,17594473.0,18168733.917793866
2017-11-15,17662230.0,17614993.131955452
2017-11-16,15690748.0,16868858.300059196
2017-11-17,14043780.0,15449581.012604207
2017-11-18,15741638.0,17067530.095473967
2017-11-19,13169310.0,17242834.539991237
2017-11-20,18845217.0,19126974.374758314
2017-11-21,18387732.0,17935636.610132527
2017-11-22,17527049.0,17343622.46911191
2017-11-23,15903177.0,16558939.492704872
2017-11-24,15021027.0,15107146.077144561
2017-11-25,15880240.0,16667210.556880351
2017-11-26,16288954.0,16801499.49044455
2017-11-27,17417027.0,18634910.559939113
2017-11-28,17382749.0,17427972.406071175
2017-11-29,17593101.0,16823732.53468088
2017-11-30,16107897.0,16038479.22732372
2017-12-01,13938093.0,14602883.424170969
2017-12-02,16027794.0,16162950.168735245
2017-12-03,16328966.0,16321406.70826633
2017-12-04,18969802.0,18174442.02487937
2017-12-05,17900886.0,17025123.111982267
2017-12-06,15189526.0,16482341.610921642
2017-12-07,16102694.0,15768246.477002762
2017-12-08,14647425.0,14416264.366677064
2017-12-09,15456888.0,16037222.131583186
2017-12-10,15861379.0,16272208.365408096
2017-12-11,18125562.0,18186985.735571884
2017-12-12,16690118.0,17125780.254680756
2017-12-13,16209541.0,16662331.756201746
2017-12-14,15427882.0,16024069.531928375
2017-12-15,14594588.0,14747029.524617588
2017-12-16,15555167.0,16407151.69369076
2017-12-17,16417440.0,16684604.263070097
2017-12-18,18258367.0,18615843.927106723
2017-12-19,17694595.0,17587739.85964939
2017-12-20,17108613.0,17140677.723988555
2017-12-21,15702194.0,16509417.604902245
2017-12-22,13956715.0,15234838.970114313
2017-12-23,16113612.0,16860337.79489626
2017-12-24,16066183.0,17107534.802730903
2017-12-25,16985700.0,18985903.839910056
2017-12-26,16767156.0,17927152.550050206
2017-12-27,16687754.0,17440306.058236033
2017-12-28,16365859.0,16769179.99346836
2017-12-29,14409944.0,15460894.899778439
2017-12-30,16459427.0,17027325.62860268
2017-12-31,16692166.0,17232158.5028494
2018-01-01,18300927.0,19058066.404671352
2018-01-02,17109822.0,17981339.02587149
2018-01-03,16871051.0,17478953.78901576
2018-01-04,15896656.0,16802685.98568716
2018-01-05,14577101.0,15504428.464846907
2018-01-06,16562727.0,17062741.810744576
2018-01-07,17018516.0,17281320.1092091
2018-01-08,18370204.0,19113781.690155562
2018-01-09,17926423.0,18078624.94928091
2018-01-10,17483936.0,17618367.106364086
2018-01-11,16155207.0,16990374.051765513
2018-01-12,15617955.0,15749067.203608772
2018-01-13,16961796.0,17337652.97408153
2018-01-14,17656862.0,17598069.65513275
2018-01-15,20746512.0,19453457.924420852
2018-01-16,19087842.0,18463495.768466875
2018-01-17,18302759.0,18035646.182341903
2018-01-18,17881071.0,17432733.93929297
2018-01-19,15335626.0,16212051.91153243
2018-01-20,17610743.0,17782266.63729629
2018-01-21,17516978.0,18024827.583034687
2018-01-22,20986940.0,19834083.53712437
2018-01-23,19758804.0,18812948.534273855
2018-01-24,18558042.0,18336197.54104874
2018-01-25,17437180.0,17674718.128446992
2018-01-26,16734895.0,16391435.330785826
2018-01-27,18313379.0,17862365.635839127
2018-01-28,16408695.0,18012199.87672975
2018-01-29,19065518.0,19708944.580825243
2018-01-30,18540541.0,18601914.427607447
2018-01-31,18644152.0,18034960.294526134
2018-02-01,17994050.0,17289010.869395632
2018-02-02,16242250.0,15934213.863349684
2018-02-03,18246290.0,17315404.403943956
2018-02-04,18599986.0,17400545.677860454
2018-02-05,19456337.0,19030315.136634365
2018-02-06,19144278.0,17900625.389496785
2018-02-07,18616014.0,17322316.236583956
2018-02-08,17739546.0,16584663.8559889
2018-02-09,16713706.0,15262709.696194418
2018-02-10,17012080.0,16666523.211921625
2018-02-11,14983057.0,16805193.916877784
2018-02-12,19381082.0,18488731.084967986
2018-02-13,17909844.0,17456135.66225804
2018-02-14,17641209.0,16981658.025212362
2018-02-15,16361529.0,16359380.423986701
2018-02-16,15602932.0,15165840.057027284
2018-02-17,17085085.0,16673190.289666628
2018-02-18,17244841.0,16928842.74485841
2018-02-19,18984291.0,18709770.595514543
2018-02-20,16224657.0,17796210.259545002
2018-02-21,18041150.0,17424549.82293561
2018-02-22,17247210.0,16893033.746208128
2018-02-23,15273415.0,15779711.536811376
2018-02-24,17591659.0,17319510.11969544
2018-02-25,17233759.0,17599519.2759764
2018-02-26,20164096.0,19365672.428658407
2018-02-27,18259660.0,18442033.138092563
2018-02-28,17545892.0,18030251.404790822
2018-03-01,17462052.0,17436311.66650113
2018-03-02,15489987.0,16243714.012191761
2018-03-03,17542774.0,17654353.099315837
2018-03-04,16983484.0,17799333.67962435
2018-03-05,19987037.0,19397910.13273874
2018-03-06,18924188.0,18322236.888122093
2018-03-07,17927852.0,17743273.050512988
2018-03-08,17001196.0,16978458.881258614
2018-03-09,15640275.0,15620022.820339248
2018-03-10,17727170.0,16839571.402282164
2018-03-11,17073567.0,16814353.3181481
2018-03-12,20152181.0,18238392.569500968
2018-03-13,17796981.0,17032656.082007546
2018-03-14,17271064.0,16337379.763342565
2018-03-15,16407552.0,15480667.313243804
2018-03-16,15372374.0,14061937.93284381
2018-03-17,16342984.0,15220262.851506915
2018-03-18,16414599.0,15176133.373294717
2018-03-19,18388919.0,16594861.467081565
2018-03-20,14644930.0,15442254.754907679
2018-03-21,12833621.0,14823468.077421423
2018-03-22,13766026.0,14072639.719303219
2018-03-23,12879676.0,12791602.700046267
2018-03-24,13231633.0,14082095.17826288
2018-03-25,13159737.0,14203160.553291842
2018-03-26,16294810.0,15786940.767896548
2018-03-27,15275477.0,14839977.629145995
2018-03-28,14553884.0,14428699.171579275
2018-03-29,13251342.0,13890189.84424591
2018-03-30,13090177.0,12826246.470996048
2018-03-31,12826368.0,14299525.888044799
2018-04-01,11259873.0,14606620.95718325
2018-04-02,13051816.0,16346269.729010385
2018-04-03,15928867.0,15566284.919749444
2018-04-04,15682521.0,15295655.566170946
2018-04-05,14890824.0,14876410.945311453
2018-04-06,13634419.0,13912961.452208923
2018-04-07,18323874.0,15432105.954114199
2018-04-08,15843719.0,15771690.69980277
2018-04-09,18092376.0,17498210.41509146
2018-04-10,17170728.0,16708258.154905217
2018-04-11,16846581.0,16397619.908212047
2018-04-12,15423647.0,15917951.38196124
2018-04-13,13761863.0,14881065.178614484
2018-04-14,13340102.0,16279310.46305865
2018-04-15,16104613.0,16498610.475088283
2018-04-16,18203945.0,18079579.398602545
2018-04-17,16734997.0,17169238.720883034
2018-04-18,17254357.0,16729136.284109129
2018-04-19,16199341.0,16122679.246573515
2018-04-20,14327680.0,14969996.651141888
2018-04-21,15958476.0,16228367.731216602
2018-04-22,15569069.0,16332488.170243278
2018-04-23,18140833.0,17792807.586986538
2018-04-24,17528980.0,16807515.757372923
2018-04-25,17267992.0,16301545.142514935
2018-04-26,16108671.0,15647206.09386867
2018-04-27,14515163.0,14469719.283922128
2018-04-28,16136390.0,15687797.34091571
2018-04-29,15881115.0,15781251.562466202
2018-04-30,18923636.0,17226665.34417972
2018-05-01,16142923.0,16269765.719000868
2018-05-02,14018406.0,15795421.460992612
2018-05-03,15214994.0,15181685.907137789
2018-05-04,13764587.0,14056094.739134384
2018-05-05,16659415.0,15296483.701197466
2018-05-06,15368782.0,15426003.3292275
2018-05-07,17320092.0,16886178.69748538
2018-05-08,16481671.0,15969697.99410526
2018-05-09,14548231.0,15521418.36154049
2018-05-10,14225489.0,14925808.631090969
2018-05-11,12794687.0,13813985.183234954
2018-05-12,14867134.0,15024719.798178475
2018-05-13,14389345.0,15126799.230735853
2018-05-14,16355434.0,16529392.868121698
2018-05-15,15604482.0,15575167.144510496
2018-05-16,14917607.0,15072197.968764277
2018-05-17,13606648.0,14414705.414314011
2018-05-18,12523207.0,13240716.248357153
2018-05-19,14528074.0,14353150.519982586
2018-05-20,14363968.0,14369418.073264664
2018-05-21,17110999.0,15668993.071388377
2018-05-22,15559405.0,14646763.2428867
2018-05-23,15660867.0,14075770.805095488
2018-05-24,14200142.0,13361176.427515838
2018-05-25,12664629.0,12148503.191351827
2018-05-26,14090249.0,13204775.629572935
2018-05-27,14770893.0,13195346.784287242
2018-05-28,16343943.0,14468693.431803286
2018-05-29,15701938.0,13470033.945890574
2018-05-30,14709268.0,12934950.565940129
2018-05-31,13773614.0,12276653.073737528
2018-06-01,11910057.0,11144890.196457183
2018-06-02,13841210.0,12267240.180383602
2018-06-03,13662463.0,12353277.622578127
2018-06-04,13247904.0,13716705.524654008
2018-06-05,12203374.0,12849361.31231627
2018-06-06,12203540.0,12445839.779571692
2018-06-07,13134303.0,11924171.956250373
2018-06-08,12018707.0,10935512.013829315
2018-06-09,14327781.0,12165676.637764027
2018-06-10,13893716.0,12366735.017369168
2018-06-11,15813795.0,13816544.527147567
2018-06-12,14804254.0,13053192.878092663
2018-06-13,14391326.0,12730649.186753588
2018-06-14,13525499.0,12272863.842124745
2018-06-15,10556820.0,11334214.595865104
2018-06-16,10795390.0,12561256.447562816
2018-06-17,13387015.0,12751675.346681682
2018-06-18,15410546.0,14151148.330687312
2018-06-19,15754303.0,13348124.941128416
2018-06-20,14845272.0,12960603.67967654
2018-06-21,14276123.0,12422884.476569127
2018-06-22,12687223.0,11397278.217968274
2018-06-23,14998124.0,12495897.014190517
2018-06-24,14115452.0,12566365.368947728
2018-06-25,17262717.0,13826485.494111277
2018-06-26,14744412.0,12918418.666182583
2018-06-27,14538648.0,12427097.88785557
2018-06-28,13885417.0,11799969.390391458
2018-06-29,12778638.0,10708896.60525018
2018-06-30,15168152.0,11732493.698111212
2018-07-01,14687989.0,11768027.397158938
2018-07-02,16136119.0,13004514.728961887
2018-07-03,16004296.0,12135872.22329174
2018-07-04,15327172.0,11711469.3232975
2018-07-05,14157664.0,11188079.543480132
2018-07-06,13048652.0,10242784.07376338
2018-07-07,14817996.0,11415719.396896413
2018-07-08,14793274.0,11648287.371994752
2018-07-09,14475058.0,13094819.28221505
2018-07-10,15297513.0,12494839.6540059
2018-07-11,15239699.0,12355916.256951585
2018-07-12,13907787.0,12137981.75320749
2018-07-13,12863345.0,11517398.51593824
2018-07-14,15273562.0,12990278.355344806
2018-07-15,13980610.0,13537151.087791275
2018-07-16,16185710.0,15273333.271512458
2018-07-17,15484875.0,14980429.394688219
2018-07-18,14774962.0,15121582.223973395
2018-07-19,14073594.0,15158246.823024238
2018-07-20,13552599.0,14765474.262334526
2018-07-21,14621966.0,16395835.242862295
2018-07-22,13996583.0,17070552.042156897
2018-07-23,16816122.0,18868549.629956592
2018-07-24,15306863.0,18617145.131801784
2018-07-25,14133964.0,18739623.768585596
2018-07-26,13683455.0,18704366.620161913
2018-07-27,12417771.0,18191233.163758483
2018-07-28,13838114.0,19615950.285924684
2018-07-29,13544050.0,20047554.127311967
2018-07-30,16470638.0,21535959.000320718
2018-07-31,15511845.0,20961663.609211154
2018-08-01,15121601.0,20715478.456899844
2018-08-02,14692009.0,20279835.024162278
2018-08-03,13545508.0,19346100.946661662
2018-08-04,13951556.0,20299278.540974658
2018-08-05,14262926.0,20261614.887324937
2018-08-06,16040639.0,21258564.619312387
2018-08-07,14946219.0,20227409.746846534
2018-08-08,14556847.0,19529058.64870293
2018-08-09,13351626.0,18661481.941443488
2018-08-10,12721887.0,17327931.949264556
2018-08-11,13844580.0,17881949.316661358
2018-08-12,12935707.0,17497166.66161448
2018-08-13,16420247.0,18171716.484829284
2018-08-14,15114150.0,16895840.2533148
2018-08-15,14396292.0,15995856.92822015
2018-08-16,13682073.0,14979843.092663858
2018-08-17,11975715.0,13556890.75404924
2018-08-18,13486990.0,14042569.01361116
2018-08-19,13140528.0,13655077.358867045
2018-08-20,15091795.0,14358259.838448549
2018-08-21,12654770.0,13188365.528247053
2018-08-22,10833467.0,12430345.619110337
2018-08-23,11461169.0,11595929.79359997
2018-08-24,11583597.0,10394063.61656601
2018-08-25,13266751.0,11096952.416511092
2018-08-26,14115694.0,10962674.32130608
2018-08-27,16272148.0,11916891.291337343
2018-08-28,15288407.0,11038830.136254989
2018-08-29,14887923.0,10569954.582449228
2018-08-30,14240116.0,10024460.862707488
2018-08-31,13547629.0,9202959.834149491
2018-09-01,15353495.0,10262531.740096092
2018-09-02,14824882.0,10477234.133478241
2018-09-03,17057579.0,11788141.99756143
2018-09-04,17027188.0,11206319.798438258
2018-09-05,15540204.0,11012030.285518026
2018-09-06,15527812.0,10703378.117632762
2018-09-07,13951248.0,9966183.917744817
2018-09-08,15738415.0,11182954.025628138
2018-09-09,15186553.0,11482281.015863018
2018-09-10,17311152.0,12907806.56357543
2018-09-11,16456513.0,12316018.739677124
2018-09-12,15271724.0,12108115.004473587
2018-09-13,14717336.0,11758509.165337306
2018-09-14,13528460.0,10940029.676933626
2018-09-15,15473879.0,12158378.785644185
2018-09-16,15376233.0,12400312.703904262
2018-09-17,17183592.0,13815145.19921445
2018-09-18,15230089.0,13107299.58139814
2018-09-19,11797232.0,12800773.512434771
2018-09-20,10473202.0,12347476.296698453
2018-09-21,10975493.0,11407738.438810995
2018-09-22,14094555.0,12610267.250745688
2018-09-23,14026865.0,12799133.279033909
2018-09-24,16843596.0,14227859.644451598
2018-09-25,16278933.0,13446790.561167493
2018-09-26,15808802.0,13100234.524673877
2018-09-27,13894430.0,12614720.722184848
2018-09-28,12965917.0,11634918.036318347
2018-09-29,15261761.0,12909191.63720506
2018-09-30,14897881.0,13135503.30356256
2018-10-01,16899479.0,14668194.006370362
2018-10-02,15406277.0,13900273.085680338
2018-10-03,15094390.0,13593337.497886373
2018-10-04,14900864.0,13145835.739621473
2018-10-05,14923223.0,12184472.87666745
2018-10-06,15829678.0,13575430.750480123
2018-10-07,15768628.0,13869229.188142164
2018-10-08,17480871.0,15520232.003941251
2018-10-09,16027262.0,14763869.5295343
2018-10-10,14847638.0,14479329.025305867
2018-10-11,14300421.0,14037804.061473874
2018-10-12,13070703.0,13049347.30938186
2018-10-13,14220600.0,14499701.337706253
2018-10-14,13392042.0,14794054.810535986
2018-10-15,16977404.0,16489195.395011028
2018-10-16,16440774.0,15665581.09212257
2018-10-17,16126771.0,15322712.011695271
2018-10-18,14154813.0,14807273.089878943
2018-10-19,12909707.0,13715343.17024942
2018-10-20,14751680.0,15154748.482808957
2018-10-21,14386080.0,15387632.26341945
2018-10-22,16893312.0,17075181.88690799
2018-10-23,15874378.0,16144487.442947745
2018-10-24,16273194.0,15716546.307796739
2018-10-25,15197348.0,15114265.051752834
2018-10-26,13425736.0,13920006.042345563
2018-10-27,14845856.0,15363460.673641779
2018-10-28,14836773.0,15563045.2544674
2018-10-29,17699508.0,17283230.430840872
2018-10-30,13343210.0,16296229.237704005
2018-10-31,15836589.0,15842689.3647601
2018-11-01,14840488.0,15219619.918005034
2018-11-02,13235426.0,13993349.738638826
2018-11-03,15157678.0,15513000.60548875
2018-11-04,14469320.0,15750792.960988378
2018-11-05,17004324.0,17572061.76073568
2018-11-06,15451302.0,16591855.924826264
2018-11-07,14196267.0,16168395.309633328
2018-11-08,13573508.0,15570991.896982346
2018-11-09,13713764.0,14348479.690584347
2018-11-10,15255221.0,15968336.09377805
2018-11-11,16180597.0,16255932.4563935
2018-11-12,17585480.0,18070543.23528118
2018-11-13,16984854.0,16989573.023495235
2018-11-14,15051829.0,16479393.97198257
2018-11-15,15778933.0,15790336.108713152
2018-11-16,14289215.0,14471773.387949679
2018-11-17,16080500.0,15998872.528187055
2018-11-18,15402278.0,16175720.540065976
2018-11-19,18388082.0,17954943.44546926
2018-11-20,16646677.0,16851514.164720535
2018-11-21,15808642.0,16309271.408769434
2018-11-22,15261221.0,15585293.467762034
2018-11-23,14039012.0,14233813.410049642
2018-11-24,15748725.0,15707763.345993802
2018-11-25,13253689.0,15842148.760722294
2018-11-26,17265643.0,17570962.417093065
2018-11-27,16412835.0,16442065.839958498
2018-11-28,17079874.0,15876991.642761633
2018-11-29,15419487.0,15139367.49268416
2018-11-30,13473789.0,13787669.507338824
2018-12-01,16269313.0,15251584.864375375
2018-12-02,16374525.0,15395668.876989624
2018-12-03,18878261.0,17133601.76303593
2018-12-04,16955103.0,16044201.50534342
2018-12-05,17434296.0,15524575.521116313
2018-12-06,17264732.0,14842666.620987501
2018-12-07,15655476.0,13558919.928179344
2018-12-08,16572228.0,15077540.163565833
2018-12-09,16187649.0,15290506.274700372
2018-12-10,18946847.0,17089241.901198052
2018-12-11,17707080.0,16081824.13883856
2018-12-12,16884572.0,15639540.670899238
2018-12-13,15446322.0,15033603.607376674
2018-12-14,14640903.0,13825764.09652226
2018-12-15,16032729.0,15394485.642307552
2018-12-16,15938708.0,15659324.156160656
2018-12-17,18447120.0,17490006.26733542
2018-12-18,16859230.0,16524814.635303028
2018-12-19,16529561.0,16110518.34030598
2018-12-20,15559163.0,15523210.62886676
2018-12-21,14068023.0,14327816.932189904
2018-12-22,16388617.0,15879121.41424856
2018-12-23,16034921.0,16126443.201471353
2018-12-24,18000379.0,17920049.133931067
2018-12-25,15757346.0,16930640.482865363
2018-12-26,16795736.0,16482582.197211923
2018-12-27,16582890.0,15858793.349528806
2018-12-28,14906247.0,14629082.909242222
2018-12-29,16670166.0,16125971.602876639
2018-12-30,16667106.0,16329616.068467725
2018-12-31,18298079.0,18071519.081294686
2019-01-01,16865930.0,17055093.255331118
2019-01-02,16923511.0,16582178.123242855
2019-01-03,16666430.0,15941986.079059139
2019-01-04,15274054.0,14708282.493708646
2019-01-05,16712678.0,16190032.789167045
2019-01-06,16488079.0,16396616.822279356
2019-01-07,19745929.0,18138889.97336656
2019-01-08,17345085.0,17150886.617887758
2019-01-09,16378043.0,16709695.223647505
2019-01-10,15378628.0,16108535.119408598
2019-01-11,14416268.0,14922858.993946068
2019-01-12,16435873.0,16435903.400327927
2019-01-13,16153417.0,16684269.198980741
2019-01-14,19065877.0,18456404.449820116
2019-01-15,17537361.0,17515511.340254135
2019-01-16,16475819.0,17112833.58077345
2019-01-17,16612705.0,16544907.009035094
2019-01-18,15610428.0,15388614.689476797
2019-01-19,17829732.0,16901657.14726585
2019-01-20,16191156.0,17148500.563043263
2019-01-21,18446678.0,18896268.32376843
2019-01-22,17711520.0,17938823.66641411
2019-01-23,17152354.0,17515149.35311302
2019-01-24,16799498.0,16914758.16960131
2019-01-25,14358261.0,15717188.6344603
2019-01-26,16505812.0,17164692.189573843
2019-01-27,16460651.0,17344505.35785226
2019-01-28,18966510.0,19013665.674317483
2019-01-29,17523311.0,17982647.69515842
2019-01-30,16670880.0,17469004.944259137
2019-01-31,15673610.0,16779312.07303376
2019-02-01,14851820.0,15496879.326232782
2019-02-02,16647473.0,16857724.1077858
2019-02-03,15762790.0,16962349.624952793
2019-02-04,18853446.0,18562663.463539362
2019-02-05,16661605.0,17482795.64241724
2019-02-06,16880002.0,16933371.062829975
2019-02-07,15433765.0,16224371.12178211
2019-02-08,14542528.0,14941327.530772401
2019-02-09,13427529.0,16311984.87564033
2019-02-10,14750647.0,16447635.674683321
2019-02-11,15923873.0,18092205.99744312
2019-02-12,17376513.0,17080332.722189978
2019-02-13,16442365.0,16612354.277687836
2019-02-14,16176378.0,15998187.65429473
2019-02-15,15727684.0,14822102.914839903
2019-02-16,17138258.0,16300180.522973007
2019-02-17,16700113.0,16551305.950214718
2019-02-18,19358001.0,18308521.736656036
2019-02-19,18144553.0,17414456.585524544
2019-02-20,16948848.0,17057117.401161477
2019-02-21,15883358.0,16544852.45397917
2019-02-22,14637806.0,15459762.804830289
2019-02-23,16929580.0,17005994.20267455
2019-02-24,16288034.0,17310413.19766271
2019-02-25,19170738.0,19096228.843131807
2019-02-26,17740707.0,18215757.696927764
2019-02-27,17021508.0,17846982.282277875
2019-02-28,16488186.0,17299547.33562512
2019-03-01,14615010.0,16156738.16385044
2019-03-02,16717206.0,17614522.01857686
2019-03-03,17771768.0,17811807.77016535
2019-03-04,19282531.0,19466229.112931244
2019-03-05,17431186.0,18444130.127170928
2019-03-06,17982568.0,17917770.83490786
2019-03-07,16367016.0,17202236.595443953
2019-03-08,15195914.0,15885866.279060476
2019-03-09,17158845.0,17159932.198345885
2019-03-10,15860672.0,17178381.85079586
2019-03-11,18498505.0,18655693.55033114
2019-03-12,17241858.0,17474008.545106255
2019-03-13,15586981.0,16800926.98066754
2019-03-14,15366750.0,15957292.839049138
2019-03-15,14085563.0,14536054.639936404
2019-03-16,15681970.0,15722587.613077277
2019-03-17,15525384.0,15683942.228377014
2019-03-18,18700474.0,17128817.46665187
2019-03-19,15914743.0,15951904.069593493
2019-03-20,13565794.0,15312353.158181183
2019-03-21,13248673.0,14532534.427585924
2019-03-22,13297863.0,13205439.890954414
2019-03-23,11988523.0,14505768.569926677
2019-03-24,12360669.0,14608808.515805274
2019-03-25,15746666.0,16212657.316142004
2019-03-26,15055315.0,15219905.334620304
2019-03-27,14326248.0,14776901.478817701
2019-03-28,14096213.0,14203601.267971877
2019-03-29,13637083.0,13089619.059130177
2019-03-30,15650380.0,14596166.527366994
2019-03-31,13848732.0,14904642.687601399
2019-04-01,14318301.0,16701157.263196416
2019-04-02,12509705.0,15895589.073234288
2019-04-03,14000407.0,15621662.635836199
2019-04-04,14557179.0,15197877.934325367
2019-04-05,14664348.0,14212369.94262469
2019-04-06,16877783.0,15815127.189588247
2019-04-07,16098788.0,16196651.731688667
2019-04-08,19128704.0,18034743.14353232
2019-04-09,18743253.0,17250381.30296753
2019-04-10,17627877.0,16969164.045155775
2019-04-11,16236089.0,16512651.017955322
2019-04-12,15025384.0,15471705.96872984
2019-04-13,16526725.0,16990324.159861382
2019-04-14,17490050.0,17272211.97725757
2019-04-15,19815108.0,18991122.566323314
2019-04-16,18845485.0,18082669.49407123
2019-04-17,17871266.0,17667661.077296887
2019-04-18,16829259.0,17073296.511529095
2019-04-19,15310527.0,15895312.617851809
2019-04-20,17455078.0,17272745.75440331
2019-04-21,14723000.0,17423020.308621854
2019-04-22,19340491.0,19015625.191233654
2019-04-23,18372092.0,17999876.24139807
2019-04-24,18245745.0,17490185.97355428
2019-04-25,17065983.0,16817170.366661996
2019-04-26,15342190.0,15578676.284362622
2019-04-27,17149486.0,16905569.580752376
2019-04-28,17375979.0,17025436.8609396
2019-04-29,18380994.0,18599716.731171105
2019-04-30,18732508.0,17587530.905282255
2019-05-01,17038802.0,17093011.757588677
2019-05-02,16635313.0,16446440.887587987
2019-05-03,15335204.0,15244273.395165717
2019-05-04,17194458.0,16606059.91717749
2019-05-05,17073730.0,16766857.690251758
2019-05-06,19661246.0,18377897.983094852
2019-05-07,18452424.0,17406550.257142007
2019-05-08,17834387.0,16945752.853994682
2019-05-09,16976144.0,16325208.262711992
2019-05-10,15093297.0,15140408.015701558
2019-05-11,18014691.0,16500671.140871212
2019-05-12,16503569.0,16650226.258152012
2019-05-13,18697124.0,18232357.33226308
2019-05-14,17701380.0,17225425.192589145
2019-05-15,16349076.0,16714310.136191163
2019-05-16,15653245.0,16031559.945599427
2019-05-17,15436929.0,14775301.910624813
2019-05-18,16509329.0,16048278.154466376
2019-05-19,16118744.0,16107476.87265635
2019-05-20,18589043.0,17591635.95337603
2019-05-21,18025814.0,16493206.607365318
2019-05-22,18232876.0,15891701.469970936
2019-05-23,16347868.0,15124701.167863235
2019-05-24,14097402.0,13794574.51248753
2019-05-25,15374302.0,14998449.581864966
2019-05-26,15399654.0,15006352.883792032
2019-05-27,15200366.0,16452050.999148682
2019-05-28,16549630.0,15340958.685472574
2019-05-29,15823734.0,14745417.214975301
2019-05-30,15800964.0,14005606.086270705
2019-05-31,14203983.0,12725138.660671247
2019-06-01,15777209.0,13992055.12211992
2019-06-02,15486475.0,14085572.123188633
2019-06-03,17241016.0,15630378.506970719
2019-06-04,12912221.0,14640614.056320352
2019-06-05,11809738.0,14177210.630905533
2019-06-06,12104174.0,13578844.015600186
2019-06-07,12347974.0,12446538.335347308
2019-06-08,14838089.0,13855808.486992322
2019-06-09,14853242.0,14092138.152904471
2019-06-10,17633788.0,15768834.048393387
2019-06-11,16797785.0,14907162.94715442
2019-06-12,16172442.0,14555823.507256366
2019-06-13,15794227.0,14051984.026009781
2019-06-14,14216475.0,12994917.525216646
2019-06-15,17326406.0,14449290.5899692
2019-06-16,16039250.0,14709341.369117165
2019-06-17,18479060.0,16342572.914227169
2019-06-18,17980943.0,15423015.58875975
2019-06-19,17889000.0,14988302.683831828
2019-06-20,16994371.0,14381791.860024229
2019-06-21,15865995.0,13212088.677320803
2019-06-22,17952620.0,14500160.037443284
2019-06-23,17045175.0,14596826.483035898
2019-06-24,19372556.0,16064820.000540169
2019-06-25,18653213.0,15024906.476860913
2019-06-26,17419012.0,14462562.493266119
2019-06-27,15907989.0,13739074.45871699
2019-06-28,14936588.0,12476060.624593422
2019-06-29,13948796.0,13641943.40492177
2019-06-30,16862758.0,13662480.571919747
2019-07-01,18531951.0,15055761.765935857
2019-07-02,18664030.0,14021482.360539043
2019-07-03,18005828.0,13490918.16720092
2019-07-04,17022073.0,12840232.443765813
2019-07-05,15835316.0,11700055.501730269
2019-07-06,18635226.0,12981402.053253312
2019-07-07,17457749.0,13179352.463477781
2019-07-08,19229726.0,14761121.401789246
2019-07-09,19836784.0,13998635.449879903
2019-07-10,18558276.0,13761973.032735188
2019-07-11,16721257.0,13435057.239491913
2019-07-12,13354945.0,12650476.900960887
2019-07-13,16531494.0,14255033.906032996
2019-07-14,15919272.0,14806755.581220588
2019-07-15,18137495.0,16716207.818261636
2019-07-16,17419401.0,16322535.368469432
2019-07-17,16933906.0,16430508.229837002
2019-07-18,15834717.0,16428719.928169163
2019-07-19,13882145.0,15949744.822020413
2019-07-20,17199556.0,17775382.596332908
2019-07-21,17613839.0,18527039.49315668
2019-07-22,18056258.0,20560292.997679476
2019-07-23,17677619.0,20284370.910211872
2019-07-24,16971555.0,20442749.760013014
2019-07-25,16096168.0,20433774.873106796
2019-07-26,14631172.0,19896043.03525415
2019-07-27,16964161.0,21553208.863197576
2019-07-28,15720340.0,22097578.563878804
2019-07-29,16268397.0,23837752.79088091
2019-07-30,16370159.0,23261358.441688437
2019-07-31,16425760.0,23059005.108043622
2019-08-01,15440728.0,22647129.927224196
2019-08-02,13611848.0,21678410.579098474
2019-08-03,16427768.0,22825945.41640751
2019-08-04,16089165.0,22859883.269761797
2019-08-05,17926595.0,24047984.037196554
2019-08-06,17815294.0,22961462.78897236
2019-08-07,16073190.0,22242187.291943055
2019-08-08,15332502.0,21327656.94677463
2019-08-09,14087611.0,19886383.800172083
2019-08-10,15379913.0,20541413.86074347
2019-08-11,13559628.0,20139990.71090174
2019-08-12,11876275.0,20907061.72789481
2019-08-13,14860851.0,19494291.55947503
2019-08-14,13847223.0,18490585.236181997
2019-08-15,13509590.0,17349310.754864533
2019-08-16,12311093.0,15748779.689122448
2019-08-17,15308896.0,16255259.739660427
2019-08-18,15085500.0,15785836.677482907
2019-08-19,16983893.0,16515040.882917676
2019-08-20,14141875.0,15167210.521863645
2019-08-21,16569345.0,14270521.616708592
2019-08-22,15244267.0,13286632.124794047
2019-08-23,14130237.0,11896432.070123117
2019-08-24,16081826.0,12602705.195517981
2019-08-25,14531975.0,12386331.297937948
2019-08-26,17752382.0,13366156.06133015
2019-08-27,16930864.0,12334805.098563744
2019-08-28,18424544.0,11831693.605653042
2019-08-29,16300747.0,11240996.122345641
2019-08-30,13495177.0,10237020.206975577
2019-08-31,15730827.0,11314038.168384312
2019-09-01,15032226.0,11461570.719013527
2019-09-02,17820076.0,12807176.397264501
2019-09-03,18786136.0,12093665.749874199
2019-09-04,17578307.0,11810599.64691485
2019-09-05,16351220.0,11412772.508287083
2019-09-06,13532682.0,10565201.554717254
2019-09-07,14148466.0,11813098.737420961
2019-09-08,15908637.0,12081600.776156848
2019-09-09,13122103.0,13542918.507266384
2019-09-10,11602792.0,12872430.47033874
2019-09-11,15378498.0,12613283.322679522
2019-09-12,15522441.0,12210952.588665655
2019-09-13,13212241.0,11326166.693101909
2019-09-14,15440160.0,12559748.455968745
2019-09-15,14861981.0,12776680.47486409
2019-09-16,17765233.0,14197518.185519304
2019-09-17,17234704.0,13433283.77342511
2019-09-18,16494146.0,13083108.536479693
2019-09-19,16438624.0,12584831.172326762
2019-09-20,14035321.0,11595837.430858068
2019-09-21,16044710.0,12772772.894771079
2019-09-22,16103198.0,12919965.786332093
2019-09-23,18291895.0,14305145.091514315
2019-09-24,16921522.0,13473193.806551086
2019-09-25,17256025.0,13076907.834257616
2019-09-26,15993242.0,12543719.482776202
2019-09-27,13705089.0,11524550.6841315
2019-09-28,15472162.0,12728502.224855063
2019-09-29,15310122.0,12895743.153507201
2019-09-30,18051752.0,14337643.896910919
2019-10-01,17114283.0,13529496.302894715
2019-10-02,16230526.0,13174490.97879915
2019-10-03,15326187.0,12686659.493560217
2019-10-04,13305976.0,11707823.675603606
2019-10-05,15905137.0,12997330.639031233
2019-10-06,15431656.0,13229463.21117849
2019-10-07,18994330.0,14758026.252300387
2019-10-08,16904225.0,13988054.723033976
2019-10-09,15157324.0,13673013.458108988
2019-10-10,14990064.0,13213945.098256981
2019-10-11,14007889.0,12244486.302146306
2019-10-12,16350773.0,13575604.460295543
2019-10-13,15340471.0,13817471.771943294
2019-10-14,18025150.0,15368436.186906785
2019-10-15,17544953.0,14565640.063863462
2019-10-16,16169140.0,14215358.680201875
2019-10-17,15276272.0,13708266.664260365
2019-10-18,14175927.0,12672433.15847275
2019-10-19,13918555.0,13972974.297441682
2019-10-20,15114290.0,14158309.713598274
2019-10-21,17294585.0,15673444.058419956
2019-10-22,17411845.0,14789431.598149428
2019-10-23,16372316.0,14366800.079971543
2019-10-24,15265798.0,13786895.061011167
2019-10-25,13832186.0,12672827.274399161
2019-10-26,15387526.0,13944028.606307872
2019-10-27,12813811.0,14086893.410098286
2019-10-28,17480323.0,15592387.328511793
2019-10-29,12490017.0,14664388.13696269
2019-10-30,15750901.0,14216237.689914525
2019-10-31,15717607.0,13618217.729398852
2019-11-01,14602260.0,12486512.014016071
2019-11-02,15580294.0,13792735.185991222
2019-11-03,15706069.0,13959032.776343308
2019-11-04,17806491.0,15520093.24399516
2019-11-05,15749434.0,14610440.519308291
2019-11-06,12965132.0,14194186.563709252
2019-11-07,14408995.0,13628705.933169577
2019-11-08,12761128.0,12435094.553688435
2019-11-09,14136804.0,13703933.758832913
2019-11-10,13677558.0,13816321.638694718
2019-11-11,15750981.0,15303243.309269978
2019-11-12,13896940.0,14335642.152219104
2019-11-13,13236904.0,13856234.514821718
2019-11-14,11896193.0,13231267.71583514
2019-11-15,12026680.0,12085773.249671394
2019-11-16,10013290.0,13317981.91177041
2019-11-17,7450189.0,13421917.349760016
2019-11-18,7870622.0,14849436.23246015
2019-11-19,7799348.0,13893131.030972064
2019-11-20,7709964.0,13403826.419659723
2019-11-21,8023683.0,12768991.627308337
2019-11-22,7911450.0,11627090.811014837
2019-11-23,8894223.0,12784284.770150127
2019-11-24,10601001.0,12848927.710415898
2019-11-25,11619875.0,14194866.389916737
2019-11-26,11863056.0,13237140.530515553
2019-11-27,11458376.0,12735138.324400079
2019-11-28,11759140.0,12097652.420232035
2019-11-29,10735024.0,10976328.81195955
2019-11-30,11819153.0,12084668.313698461
2019-12-01,11410192.0,12144450.922299162
2019-12-02,12074547.0,13450328.566005267
2019-12-03,12099031.0,12538366.715337422
2019-12-04,11818361.0,12074909.935950836
2019-12-05,10980986.0,11488338.028842764
2019-12-06,9824215.0,10441673.57912152
2019-12-07,10812148.0,11553944.916405119
2019-12-08,10803584.0,11658599.308515318
2019-12-09,12049922.0,12969448.023675764
2019-12-10,10586327.0,12142103.408878788
2019-12-11,10202490.0,11748602.561954834
2019-12-12,10466100.0,11235903.976669626
2019-12-13,9310050.0,10277685.124689436
2019-12-14,10191819.0,11398088.352105534
2019-12-15,10359234.0,11542133.824119745
2019-12-16,11266371.0,12843017.03584972
2019-12-17,10878125.0,12076430.812329201
2019-12-18,10450089.0,11720926.328263493
2019-12-19,9442590.0,11243120.04872922
2019-12-20,8989302.0,10328642.789112987
2019-12-21,9733239.0,11408223.003530033
2019-12-22,9875249.0,11540048.522834057
2019-12-23,10731424.0,12778361.8830969
2019-12-24,10027374.0,12020610.790285474
2019-12-25,9688091.0,11653490.097020935
2019-12-26,10004814.0,11164804.589968164
2019-12-27,9200548.0,10253518.81809619
2019-12-28,10154902.0,11258132.463875674
2019-12-29,9859137.0,11350952.43760788
2019-12-30,24052761.0,12507955.69445785
2019-12-31,11742010.0,11748746.902793637
2020-01-01,11673899.0,11368269.841141028
2020-01-02,11375892.0,10875324.551454099
2020-01-03,10322901.0,9981726.509810695
2020-01-04,11542512.0,10932992.377326692
2020-01-05,11140614.0,11014549.820183758
2020-01-06,12144639.0,12122903.311023429
2020-01-07,11974936.0,11398441.414239323
2020-01-08,12162130.0,11042865.502125358
2020-01-09,11451776.0,10584413.052196115
2020-01-10,9805119.0,9746180.089103218
2020-01-11,10648391.0,10679171.60070107
2020-01-12,10579271.0,10780501.925389035
2020-01-13,11156819.0,11865913.186594415
2020-01-14,10737945.0,11195477.010280907
2020-01-15,10593167.0,10876779.062487746
2020-01-16,10589213.0,10456879.408857118
2020-01-17,9792114.0,9669820.539906057
2020-01-18,11054080.0,10572055.41814636
2020-01-19,10505672.0,10732010.290891169
2020-01-20,12579690.0,11838211.778696116
2020-01-21,11678719.0,11242979.277488751
2020-01-22,11519178.0,10977564.263733547
2020-01-23,11718282.0,10602424.266306497
2020-01-24,9572737.0,9853343.272994762
2020-01-25,10578428.0,10766844.619265724
2020-01-26,10056676.0,10883956.067944266
2020-01-27,10613990.0,11935108.918660441
2020-01-28,11231598.0,11292110.10955665
2020-01-29,10127915.0,10973410.88221509
2020-01-30,10612920.0,10543972.766551295
2020-01-31,9813382.0,9742986.347858917
2020-02-01,10577327.0,10594401.468969528
2020-02-02,10388276.0,10658032.267208947
2020-02-03,12144109.0,11653840.014722856
2020-02-04,11874757.0,10973532.288805224
2020-02-05,11114646.0,10622846.521699881
2020-02-06,10704519.0,10170997.10191097
2020-02-07,9280298.0,9359991.887042232
2020-02-08,9677287.0,10200289.569405334
2020-02-09,10107042.0,10269264.849151894
2020-02-10,11641961.0,11274905.059187593
2020-02-11,10049273.0,10627075.570963506
2020-02-12,10626976.0,10316865.459940301
2020-02-13,10286445.0,9915669.710115315
2020-02-14,9641554.0,9166162.685931658
2020-02-15,10406044.0,10063145.393713372
2020-02-16,9999663.0,10199435.207487965
2020-02-17,11383080.0,11269040.469934145
2020-02-18,11147434.0,10698154.174014175
2020-02-19,11033471.0,10461619.747796457
2020-02-20,10213849.0,10131700.541317869
2020-02-21,9089134.0,9450754.976123622
2020-02-22,10236159.0,10397309.52732292
2020-02-23,10035152.0,10579398.746744117
2020-02-24,10838504.0,11677232.603361432
2020-02-25,10443958.0,11133921.636224527
2020-02-26,9771673.0,10909054.234141832
2020-02-27,10088519.0,10577133.053890117
2020-02-28,9638236.0,9881920.209123647
2020-02-29,11011950.0,10787693.822439784
2020-03-01,10913199.0,10919986.774009507
2020-03-02,11533823.0,11947687.165753135
2020-03-03,10771138.0,11333428.911740607
2020-03-04,10418900.0,11024209.889509274
2020-03-05,10035605.0,10599422.05597504
2020-03-06,9562992.0,9806792.90487767
2020-03-07,9785373.0,10598753.387769498
2020-03-08,8969733.0,10620506.83642933
2020-03-09,11195792.0,11531499.639934769
2020-03-10,10689311.0,10815421.847066242
2020-03-11,10184831.0,10407819.891976494
2020-03-12,10026616.0,9893684.63111918
2020-03-13,9970170.0,9024964.912479907
2020-03-14,10103415.0,9742035.101913434
2020-03-15,9934253.0,9709095.231312284
2020-03-16,10588301.0,10575025.813642
2020-03-17,10132066.0,9843024.94452673
2020-03-18,10207749.0,9435253.979323559
2020-03-19,9604593.0,8940032.742040087
2020-03-20,8818681.0,8110983.999656043
2020-03-21,8950027.0,8873667.319002217
2020-03-22,9087572.0,8908383.254317213
2020-03-23,9196837.0,9850489.1777191
2020-03-24,9327984.0,9219751.673885776
2020-03-25,9375588.0,8922103.669866866
2020-03-26,9370825.0,8546522.817892788
2020-03-27,8921871.0,7845878.23626014
2020-03-28,9206785.0,8728795.404650692
2020-03-29,9629805.0,8889920.618381482
2020-03-30,10037611.0,9949743.993635297
2020-03-31,9522226.0,9443701.944693547
2020-04-01,8842830.0,9213608.086565994
2020-04-02,9721786.0,8899268.734190669
2020-04-03,9862213.0,8258478.277289914
2020-04-04,10566321.0,9150163.791770803
2020-04-05,10315807.0,9319495.764288113
2020-04-06,10586769.0,10335527.552217335
2020-04-07,10172193.0,9826175.88115608
2020-04-08,11287606.0,9613477.223334769
2020-04-09,10584924.0,9304609.573832702
2020-04-10,10050414.0,8668993.872277852
2020-04-11,11064348.0,9484503.932421664
2020-04-12,11941556.0,9597282.011263017
2020-04-13,12801988.0,10508186.034156427
2020-04-14,13335107.0,9953709.751003671
2020-04-15,12114437.0,9676295.86093146
2020-04-16,10690035.0,9303022.169463204
2020-04-17,9805894.0,8616192.887203239
2020-04-18,10118441.0,9313468.661345428
2020-04-19,10137220.0,9342373.733044537
2020-04-20,12773974.0,10135550.500798648
2020-04-21,11077768.0,9537631.547548098
2020-04-22,10562111.0,9210633.798432913
2020-04-23,11348476.0,8800344.50277508
2020-04-24,11178613.0,8100447.771259464
2020-04-25,10855017.0,8726628.46817193
2020-04-26,10290479.0,8725831.360592315
2020-04-27,11631916.0,9460388.138936017
2020-04-28,11044230.0,8880909.103187747
2020-04-29,9988151.0,8566826.711710934
2020-04-30,5715902.0,8180548.22685023
2020-05-01,5588515.0,7525180.795219232
2020-05-02,5412369.0,8132667.090245796
2020-05-03,5585772.0,8147847.236845996
2020-05-04,5880313.0,8861500.515404752
2020-05-05,5782490.0,8329289.205605379
2020-05-06,5960262.0,8047473.440261558
2020-05-07,5688498.0,7694841.324019202
2020-05-08,5548114.0,7084032.090636291
2020-05-09,5508415.0,7663691.933622642
2020-05-10,5533368.0,7677316.569007148
2020-05-11,5875084.0,8345175.7529228
2020-05-12,5782697.0,7829268.816184195
2020-05-13,5694764.0,7544163.149480012
2020-05-14,5627111.0,7186648.514093736
2020-05-15,5522941.0,6580601.145148271
2020-05-16,5462598.0,7093100.648645821
2020-05-17,5565583.0,7067993.992832309
2020-05-18,5881591.0,7656645.429091858
2020-05-19,5696592.0,7128849.918763461
2020-05-20,5625286.0,6818746.745712905
2020-05-21,5459893.0,6442156.311208955
2020-05-22,5406800.0,5834951.546536259
2020-05-23,5316342.0,6283111.322172145
2020-05-24,5235059.0,6230991.113086826
2020-05-25,5342837.0,6760893.771431384
2020-05-26,5479434.0,6249946.576590073
2020-05-27,5529294.0,5951105.743752893
2020-05-28,5480059.0,5598200.949643628
2020-05-29,5337778.0,5037847.924779422
2020-05-30,5286130.0,5473479.747478093
2020-05-31,5440104.0,5448371.706968088
2020-06-01,5673371.0,5974085.06496786
2020-06-02,5579501.0,5533362.803627204
2020-06-03,5470941.0,5296281.281596247
2020-06-04,5522054.0,5013058.128659961
2020-06-05,5453473.0,4539559.277901125
2020-06-06,5432659.0,4995357.343428207
2020-06-07,5474447.0,5021554.267850152
2020-06-08,5708050.0,5558134.676129323
2020-06-09,5623040.0,5192908.792609387
2020-06-10,5585188.0,5012830.691079359
2020-06-11,5460210.0,4784579.370731834
2020-06-12,5358612.0,4423277.560863861
2020-06-13,5264523.0,4927008.7669837065
2020-06-14,5336226.0,5021924.40532767
2020-06-15,5698016.0,5604115.396442344
2020-06-16,5561194.0,5307719.173938176
2020-06-17,5377097.0,5179051.2130922
2020-06-18,5429383.0,4990813.88589246
2020-06-19,5374703.0,4605664.812793637
2020-06-20,5239211.0,5078524.805010164
2020-06-21,5344784.0,5136006.012763586
2020-06-22,5630717.0,5675874.849505088
2020-06-23,5556007.0,5333161.6958634835
2020-06-24,5553291.0,5156332.889904104
2020-06-25,5470914.0,4919820.14687473
2020-06-26,5338362.0,4488147.00911565
2020-06-27,5416067.0,4918674.460475303
2020-06-28,5452636.0,4939411.073281397
2020-06-29,5773604.0,5450417.971838628
2020-06-30,5568595.0,5087893.8631403325
2020-07-01,5576806.0,4902369.056302919
2020-07-02,5503586.0,4669546.634064262
2020-07-03,5271984.0,4254988.233125971
2020-07-04,5229803.0,4717308.760839191
2020-07-05,5314218.0,4784390.041427055
2020-07-06,5937974.0,5356758.982087359
2020-07-07,5836502.0,5069688.077427229
2020-07-08,5690136.0,4973459.653551103
2020-07-09,5569858.0,4842573.867479195
2020-07-10,5465090.0,4541054.403870871
2020-07-11,5581476.0,5126156.851527948
2020-07-12,5513813.0,5323052.712863509
2020-07-13,5905621.0,6030248.195499239
2020-07-14,5708922.0,5879766.389015833
2020-07-15,5661857.0,5919544.937523288
2020-07-16,5480274.0,5921069.366512776
2020-07-17,5342019.0,5745350.889386071
2020-07-18,5393205.0,6447192.881324044
2020-07-19,5485824.0,6748380.67626066
2020-07-20,5820820.0,7545166.364992684
2020-07-21,5635352.0,7466547.209107623
2020-07-22,5513493.0,7558799.996987642
2020-07-23,5494651.0,7591531.443607989
2020-07-24,5376995.0,7424308.44472143
2020-07-25,5427916.0,8111451.980027656
2020-07-26,5526559.0,8373691.71624258
2020-07-27,5825144.0,9107666.483285785
2020-07-28,5863603.0,8942240.465076366
2020-07-29,5514278.0,8925109.079660265
2020-07-30,5349428.0,8827196.206793189
2020-07-31,5245423.0,8509863.309745237
2020-08-01,5199665.0,9030155.695955144
2020-08-02,5349890.0,9110847.248893116
2020-08-03,5547707.0,9651884.179413905
2020-08-04,5736873.0,9284670.688692382
2020-08-05,5773429.0,9060683.885589914
2020-08-06,5408158.0,8754162.742941225
2020-08-07,5194697.0,8229849.755091842
2020-08-08,5087217.0,8548653.14363144
2020-08-09,5370791.0,8436056.12068586
2020-08-10,5683641.0,8795489.74870072
2020-08-11,5555515.0,8260585.659670294
2020-08-12,5456500.0,7885809.3620352205
2020-08-13,5418178.0,7447461.761196539
2020-08-14,5232915.0,6811985.092855882
2020-08-15,5332293.0,7042082.862844689
2020-08-16,5418223.0,6863544.370814558
2020-08-17,5696627.0,7180605.015844716
2020-08-18,5580519.0,6626230.499826441
2020-08-19,5498651.0,6254837.3791058725
2020-08-20,5410485.0,5841678.6682683285
2020-08-21,5450060.0,5251786.415366232
2020-08-22,5478338.0,5546620.767283052
2020-08-23,5488993.0,5449378.392140012
2020-08-24,5763891.0,5862404.42708081
2020-08-25,5559854.0,5415566.364980192
2020-08-26,5533040.0,5161112.670896294
2020-08-27,6177123.0,4871484.736278524
2020-08-28,6448294.0,4408928.873714121
2020-08-29,5626532.0,4832697.118403533
2020-08-30,5024354.0,4862851.58968753
2020-08-31,5538772.0,5399729.42972818
2020-09-01,5446275.0,5070397.190512805
2020-09-02,5457001.0,4925628.233715388
2020-09-03,5343724.0,4736112.347306585
2020-09-04,5129483.0,4362699.992927494
2020-09-05,5097823.0,4864110.333562984
2020-09-06,5116300.0,4959180.991272751
2020-09-07,5492093.0,5548330.847416293
2020-09-08,5475554.0,5258036.755878495
2020-09-09,5424077.0,5139870.101406282
2020-09-10,5354919.0,4965044.604487112
2020-09-11,5191289.0,4595235.06415737
2020-09-12,5112021.0,5090738.059743934
2020-09-13,5286462.0,5171117.12888458
2020-09-14,5573749.0,5738619.248021022
2020-09-15,5487419.0,5420636.520256188
2020-09-16,5458654.0,5270772.196706549
2020-09-17,5423402.0,5061705.229250656
2020-09-18,5406760.0,4656570.682315168
2020-09-19,5524104.0,5117569.009804664
2020-09-20,5596008.0,5165011.151804355
2020-09-21,6131613.0,5702701.425228364
2020-09-22,5892334.0,5358404.561234641
2020-09-23,5866481.0,5186968.423296277
2020-09-24,5707766.0,4961538.440252596
2020-09-25,5510519.0,4545537.615114391
2020-09-26,5467323.0,5001765.888777221
2020-09-27,5556624.0,5049888.966197459
2020-09-28,5953350.0,5593832.408626161
2020-09-29,5846552.0,5260298.478401433
2020-09-30,5724844.0,5103988.40548423
2020-10-01,5735207.0,4897206.751688715
2020-10-02,5557949.0,4502477.182256849
2020-10-03,5524383.0,4982163.252233883
2020-10-04,5749870.0,5054426.687586475
2020-10-05,6097298.0,5622652.197037049
2020-10-06,6164835.0,5312027.0347681735
2020-10-07,6022032.0,5176868.923231685
2020-10-08,5723181.0,4988619.664628523
2020-10-09,5628654.0,4609089.412049287
2020-10-10,5558560.0,5100585.439858084
2020-10-11,5791965.0,5180320.84452925
2020-10-12,6030795.0,5751846.177676632
2020-10-13,5923084.0,5439663.827783387
2020-10-14,5853154.0,5298630.663601401
2020-10-15,5677311.0,5100307.953876606
2020-10-16,5623087.0,4706800.26686453
2020-10-17,5548193.0,5181358.49646223
2020-10-18,5827651.0,5241206.444562991
2020-10-19,6111216.0,5790948.914376132
2020-10-20,5958492.0,5455193.626552546
2020-10-21,5898300.0,5290005.15926363
2020-10-22,5772197.0,5067592.261477998
2020-10-23,5595353.0,4650727.470080158
2020-10-24,5584065.0,5103815.813861429
2020-10-25,5533569.0,5144136.187901031
2020-10-26,6012828.0,5677228.286925436
2020-10-27,5907370.0,5327529.714135684
2020-10-28,5813846.0,5151893.801807086
2020-10-29,5751805.0,4922631.325621029
2020-10-30,5656054.0,4502531.637972354
2020-10-31,5653107.0,4956420.898077402
2020-11-01,5806229.0,5000844.310929202
2020-11-02,6350702.0,5541459.315358561
2020-11-03,6490612.0,5201715.731949236
2020-11-04,12150855.0,5038464.832696587
2020-11-05,9483148.0,4823381.466892572
2020-11-06,8290244.0,4418610.539809976
2020-11-07,7340538.0,4888835.675392628
2020-11-08,6474230.0,4949419.666684346
2020-11-09,6546545.0,5505817.1921415655
2020-11-10,6436457.0,5180306.827083356
2020-11-11,6295706.0,5029695.51006943
2020-11-12,6302050.0,4825120.477303263
2020-11-13,5999049.0,4428315.813055042
2020-11-14,5921197.0,4904181.830915415
2020-11-15,6161282.0,4967369.95220702
2020-11-16,6350993.0,5523697.5962371295
2020-11-17,6195788.0,5194911.739009843
2020-11-18,6186117.0,5038466.196813642
2020-11-19,6030837.0,4825679.291460324
2020-11-20,5859064.0,4418595.703271906
2020-11-21,5931181.0,4883031.931730401
2020-11-22,6107632.0,4933581.903168461
2020-11-23,6294490.0,5477012.049594669
2020-11-24,6092019.0,5135036.853797142
2020-11-25,6021290.0,4966152.440518927
2020-11-26,5859031.0,4742137.037191486
2020-11-27,5885971.0,4325499.1712438185
2020-11-28,5994054.0,4782994.499866289
2020-11-29,6087954.0,4829051.815108829
2020-11-30,6406846.0,5371152.344945177
2020-12-01,6412254.0,5030625.528576632
2020-12-02,6358430.0,4866551.077311031
2020-12-03,6081100.0,4650617.892646426
2020-12-04,5943356.0,4245177.238628612
2020-12-05,5960552.0,4717251.914517988
2020-12-06,6196851.0,4780405.2740848
2020-12-07,6513585.0,5342128.257268502
2020-12-08,6238683.0,5022679.017251006
2020-12-09,6092758.0,4881076.405716937
2020-12-10,6021193.0,4688338.8795838095
2020-12-11,5940845.0,4306162.0478058895
2020-12-12,5926141.0,4801436.816649699
2020-12-13,6074571.0,4886574.736840973
2020-12-14,6482706.0,5468912.325878746
2020-12-15,6180143.0,5167600.038823169
2020-12-16,6040023.0,5041688.420265567
2020-12-17,5809933.0,4861743.949948116
2020-12-18,5636637.0,4489143.719809373
2020-12-19,5632236.0,4991091.348286102
2020-12-20,5746809.0,5079383.85692501
2020-12-21,5957507.0,5661815.372903551
2020-12-22,5768551.0,5357095.00626705
2020-12-23,5611676.0,5225003.373664414
2020-12-24,5338869.0,5036361.961619385
2020-12-25,5164591.0,4652921.156730798
2020-12-26,5889253.0,5142850.580316608
2020-12-27,6013649.0,5217925.347484521
2020-12-28,6165459.0,5786908.94132689
2020-12-29,6022145.0,5468482.403371312
2020-12-30,6018065.0,5323456.845577739
2020-12-31,5730550.0,5123085.650285782
2021-01-01,5854920.0,4729539.249635657
2021-01-02,6254815.0,5211867.597631812
2021-01-03,6292314.0,5281607.954196115
2021-01-04,6560737.0,5848153.460258063
2021-01-05,6348048.0,5529704.375410977
2021-01-06,6370412.0,5387551.197095052
2021-01-07,6255154.0,5192747.752540224
2021-01-08,6106072.0,4807193.655599938
2021-01-09,6132417.0,5300092.055788509
2021-01-10,6166704.0,5382003.559585689
2021-01-11,6586853.0,5962225.798326247
2021-01-12,6439535.0,5657791.86221915
2021-01-13,6378619.0,5529848.207550051
2021-01-14,6291419.0,5348711.050395695
2021-01-15,6380322.0,4975576.385812837
2021-01-16,6194270.0,5479489.6933535095
2021-01-17,6139045.0,5569858.884655773
2021-01-18,6505394.0,6155853.492740896
2021-01-19,6486921.0,5853454.331713925
2021-01-20,6530361.0,5723925.426156885
2021-01-21,6362996.0,5537248.100724714
2021-01-22,6188550.0,5154448.224355464
2021-01-23,6289361.0,5645063.0642714435
2021-01-24,6451942.0,5718094.387192489
2021-01-25,6643041.0,6283404.873015933
2021-01-26,6503465.0,5956793.737814652
2021-01-27,6517536.0,5800535.316185189
2021-01-28,6344095.0,5585162.205915316
2021-01-29,6253995.0,5172380.711961832
2021-01-30,6246691.0,5633006.350726074
2021-01-31,6394746.0,5676330.042070299
2021-02-01,6783551.0,6213486.9963484155
2021-02-02,6562159.0,5860536.678773936
2021-02-03,6394857.0,5681050.283798478
2021-02-04,6344919.0,5446229.658056731
2021-02-05,6157195.0,5018402.644814692
2021-02-06,6346220.0,5469424.264146293
2021-02-07,6413561.0,5508458.5345681
2021-02-08,6800649.0,6047327.907388417
2021-02-09,6480168.0,5701611.034054775
2021-02-10,6204213.0,5535297.667439444
2021-02-11,6276548.0,5319266.497235829
2021-02-12,6105723.0,4915387.50748055
2021-02-13,6333182.0,5395419.1725312
2021-02-14,6268030.0,5467238.615598918
2021-02-15,6628895.0,6042205.720799527
2021-02-16,6457631.0,5734313.25585141
2021-02-17,6419100.0,5606943.146152978
2021-02-18,6558721.0,5429735.536746399
2021-02-19,6185229.0,5063327.85403133
2021-02-20,6265390.0,5578774.158525732
2021-02-21,6334686.0,5682245.396706006
2021-02-22,6767386.0,6284424.846751723
2021-02-23,6700070.0,5997721.577755581
2021-02-24,6710809.0,5885132.988580815
2021-02-25,6439136.0,5715503.65924485
2021-02-26,6270357.0,5348893.293776102
2021-02-27,6294324.0,5856504.151383283
2021-02-28,6387847.0,5943831.373573685
2021-03-01,6823493.0,6522064.299773202
2021-03-02,6610787.0,6203333.012589035
2021-03-03,6498597.0,6051642.911285626
2021-03-04,6406122.0,5836486.075116622
2021-03-05,6251556.0,5418798.794559185
2021-03-06,6188784.0,5871356.874806241
2021-03-07,6277620.0,5900336.0596697945
2021-03-08,6556599.0,6418680.612454876
2021-03-09,6329694.0,6039346.835282327
2021-03-10,6349364.0,5828277.115774061
2021-03-11,6133775.0,5556335.757574835
2021-03-12,6058508.0,5085833.416915683
2021-03-13,6119143.0,5491373.655807499
2021-03-14,6249538.0,5479813.4310478205
2021-03-15,6562354.0,5965595.845644962
2021-03-16,6387620.0,5561994.634130864
2021-03-17,6287639.0,5336138.708852032
2021-03-18,6215893.0,5059290.264392141
2021-03-19,6044042.0,4593960.256427978
2021-03-20,5890670.0,5015236.037456847
2021-03-21,5921600.0,5029176.638280087
2021-03-22,6262846.0,5550148.365444296
2021-03-23,6208840.0,5190111.81132241
2021-03-24,6213666.0,5015740.188868551
2021-03-25,6393712.0,4797083.520126427
2021-03-26,6133457.0,4395318.259244064
2021-03-27,5930752.0,4884597.18910293
2021-03-28,6624282.0,4968917.584646787
2021-03-29,6211622.0,5561493.574822159
2021-03-30,6101417.0,5272114.458219549
2021-03-31,6124920.0,5166379.6463566935
2021-04-01,5903022.0,5012765.140373619
2021-04-02,5744495.0,4671016.418696451
2021-04-03,5898617.0,5214522.3655567765
2021-04-04,6019047.0,5345650.681705866
2021-04-05,6449291.0,5977144.127438436
2021-04-06,6277326.0,5717530.376321638
2021-04-07,6215650.0,5632447.478677264
2021-04-08,6060005.0,5490080.9632208105
2021-04-09,6047913.0,5150163.6584131615
2021-04-10,6047111.0,5686833.696762863
2021-04-11,6114519.0,5802394.739638671
2021-04-12,6445745.0,6410692.410930153
2021-04-13,6152779.0,6120531.998038573
2021-04-14,6077237.0,5999052.001288641
2021-04-15,6117514.0,5815491.903110572
2021-04-16,5901408.0,5430762.590600532
2021-04-17,5848553.0,5920756.7701737
2021-04-18,6035462.0,5988507.913454361
2021-04-19,6509859.0,6549527.103052918
2021-04-20,6278412.0,6213215.673376706
2021-04-21,6202102.0,6048281.164271742
2021-04-22,6131391.0,5824837.4436649345
2021-04-23,5858318.0,5404554.709650175
2021-04-24,5795235.0,5864438.295665795
2021-04-25,6053394.0,5907408.822097933
2021-04-26,6502405.0,6449627.753200716
2021-04-27,6274306.0,6099938.228894769
2021-04-28,6207091.0,5927360.6163954865
2021-04-29,6147354.0,5701564.995947654
2021-04-30,5894006.0,5283642.357066349
2021-05-01,5832050.0,5750393.7548384
2021-05-02,5911254.0,5803372.704006417
2021-05-03,6425539.0,6358238.317306037
2021-05-04,6101243.0,6022259.853526356
2021-05-05,6182742.0,5863922.968653312
2021-05-06,6026503.0,5651800.295824677
2021-05-07,5905806.0,5245963.410774857
2021-05-08,5866743.0,5722795.157445511
2021-05-09,6004550.0,5782499.948717073
2021-05-10,6294163.0,6340482.815323013
2021-05-11,6245135.0,6002908.705793059
2021-05-12,6217901.0,5838403.442726272
2021-05-13,6005736.0,5615299.851183649
2021-05-14,5842715.0,5193662.07639717
2021-05-15,5936545.0,5650587.652852098
2021-05-16,6072801.0,5686148.296275564
2021-05-17,6543487.0,6216754.604543867
2021-05-18,6495921.0,5848728.247400433
2021-05-19,6382721.0,5652055.4582668515
2021-05-20,6194209.0,5395967.547734829
2021-05-21,5932563.0,4941538.708246252
2021-05-22,6027363.0,5367442.490457274
2021-05-23,6113146.0,5374292.411734324
2021-05-24,6475024.0,5879967.294909205
2021-05-25,6428109.0,5491177.828882653
2021-05-26,6392846.0,5279261.216058271
2021-05-27,5972659.0,5014092.261890933
2021-05-28,5760814.0,4557258.633662499
2021-05-29,5697598.0,4988283.457724502
2021-05-30,5793052.0,5007384.9389884975
2021-05-31,6134197.0,5532788.5168449795
2021-06-01,6226771.0,5170320.247062468
2021-06-02,6323750.0,4991280.4141414855
2021-06-03,6126062.0,4764727.27956064
2021-06-04,5848507.0,4351274.922403526
2021-06-05,5324667.0,4829828.794601701
2021-06-06,5664715.0,4898811.4930294985
2021-06-07,6179939.0,5475507.745868222
2021-06-08,5964141.0,5163728.082001711
2021-06-09,5912216.0,5033800.965079773
2021-06-10,5862139.0,4853263.582709871
2021-06-11,5873858.0,4481310.347322002
2021-06-12,6119128.0,4996062.225248105
2021-06-13,6565561.0,5094271.456920979
2021-06-14,6372724.0,5692703.616705768
2021-06-15,6107617.0,5393866.972182729
2021-06-16,6022652.0,5268109.66894735
2021-06-17,5964767.0,5082695.443374025
2021-06-18,6209165.0,4696872.503203301
2021-06-19,5970548.0,5189638.915594384
2021-06-20,5921012.0,5257882.082682785
2021-06-21,6274575.0,5819748.363531653
2021-06-22,6404108.0,5478384.624765559
2021-06-23,6226084.0,5306084.45779191
2021-06-24,5697031.0,5071691.840153237
2021-06-25,5421378.0,4636234.07943847
2021-06-26,5636473.0,5081129.224634296
2021-06-27,5878167.0,5104710.124775972
2021-06-28,6367667.0,5627536.80222981
2021-06-29,7067781.0,5254112.115186348
2021-06-30,6072934.0,5059046.860442613
2021-07-01,5754598.0,4812770.166098877
2021-07-02,5808989.0,4377714.973272995
2021-07-03,6706348.0,4836966.140005096
2021-07-04,5795486.0,4889178.174038617
2021-07-05,5937652.0,5455849.811515155
2021-07-06,6325405.0,5141043.262552221
2021-07-07,7421026.0,5019607.061139337
2021-07-08,6221301.0,4861240.547707248
2021-07-09,5681557.0,4527286.606128468
2021-07-10,5857158.0,5099881.182618141
2021-07-11,7553692.0,5275329.885235356
2021-07-12,6381956.0,5973412.7553772535
2021-07-13,5936107.0,5795176.107188313
2021-07-14,5838359.0,5813281.3387715835
2021-07-15,5561639.0,5794489.102936893
2021-07-16,5420815.0,5597120.51265447
2021-07-17,5347547.0,6300763.232264
2021-07-18,5399561.0,6598154.518988252
2021-07-19,5773282.0,7406554.841262405
2021-07-20,5673918.0,7323640.929874233
2021-07-21,5375547.0,7419998.273363978
2021-07-22,5528290.0,7460031.226623048
2021-07-23,5445931.0,7300087.181059609
2021-07-24,5584495.0,8018701.997881498
2021-07-25,5539454.0,8306960.869995703
2021-07-26,5900127.0,9081901.409797441
2021-07-27,5716663.0,8940458.699736807
2021-07-28,5693843.0,8954043.607236557
2021-07-29,5424190.0,8887813.727842437
2021-07-30,5440716.0,8599389.786425835
2021-07-31,5451248.0,9169565.809191095
2021-08-01,5615397.0,9291071.19954848
2021-08-02,5972384.0,9883926.609610325
2021-08-03,5796993.0,9547366.154845376
2021-08-04,5751064.0,9356430.448515445
2021-08-05,5705006.0,9079532.805212937
2021-08-06,5454718.0,8577709.473399637
2021-08-07,5614037.0,8935744.784449086
2021-08-08,5760117.0,8849294.558907084
2021-08-09,5989464.0,9242165.740465207
2021-08-10,5755549.0,8716198.318910668
2021-08-11,5860184.0,8349867.597834497
2021-08-12,5803320.0,7914152.237121318
2021-08-13,5635967.0,7272336.745330926
2021-08-14,5803175.0,7511581.365884265
2021-08-15,5853371.0,7328447.0987265175
2021-08-16,6145974.0,7648148.834127705
2021-08-17,5842846.0,7072454.864827921
2021-08-18,5651346.0,6680362.902300598
2021-08-19,5722588.0,6242339.4391850075
2021-08-20,5682365.0,5620747.165144454
2021-08-21,5687462.0,5901933.586710301
2021-08-22,5921491.0,5780231.126620455
2021-08-23,6183142.0,6179254.850269745
2021-08-24,6008185.0,5697886.535484777
2021-08-25,5950735.0,5413085.652025349
2021-08-26,5929550.0,5092554.043353092
2021-08-27,5728354.0,4595833.792988989
2021-08-28,5775503.0,5006950.611444485
2021-08-29,6005802.0,5016914.792047871
2021-08-30,6236329.0,5547078.570754167
2021-08-31,6196317.0,5193208.859631358
2021-09-01,6025547.0,5030426.4533290025
2021-09-02,5818825.0,4824278.826283548
2021-09-03,5577826.0,4432481.421646256
2021-09-04,5651425.0,4938079.844791578
2021-09-05,5845411.0,5030407.894423322
2021-09-06,6163546.0,5630454.253175372
2021-09-07,,5332968.509753711
2021-09-08,,5213469.701928587
2021-09-09,,5037666.444902088
2021-09-10,,4663780.605533583
2021-09-11,,5176168.627593979
2021-09-12,,5264679.872085881
2021-09-13,,5851980.217489578
2021-09-14,,5533644.583070721
2021-09-15,,5387194.762927503
2021-09-16,,5179834.482885338
2021-09-17,,4771331.372556139
2021-09-18,,5248082.079246638
2021-09-19,,5300864.497799611
2021-09-20,,5854120.712635007
2021-09-21,,5504046.990914192
2021-09-22,,5329679.867513303
2021-09-23,,5098972.32579701
2021-09-24,,4672266.557757221
2021-09-25,,5136840.556565841
2021-09-26,,5183095.910028782
2021-09-27,,5735844.443509489
2021-09-28,,5390441.383140833
2021-09-29,,5225965.383704921
2021-09-30,,5009680.201081263
2021-10-01,,4601140.038647865
2021-10-02,,5087255.706593201
2021-10-03,,5156951.352385712
2021-10-04,,5734482.620747426
2021-10-05,,5413634.586605966
2021-10-06,,5273010.648648602
