Date,"Main Page"
2015-07-01,20364038
2015-07-02,20737438
2015-07-03,19555130
2015-07-04,20402177
2015-07-05,20750743
2015-07-06,22517745
2015-07-07,21181823
2015-07-08,19088471
2015-07-09,19960597
2015-07-10,20165160
2015-07-11,19661638
2015-07-12,20215385
2015-07-13,20490531
2015-07-14,19668484
2015-07-15,19536504
2015-07-16,19633588
2015-07-17,18971541
2015-07-18,18344575
2015-07-19,18804725
2015-07-20,20326456
2015-07-21,19715802
2015-07-22,19517546
2015-07-23,19607219
2015-07-24,18627806
2015-07-25,19300490
2015-07-26,20393582
2015-07-27,20130375
2015-07-28,19878181
2015-07-29,27541011
2015-07-30,18481145
2015-07-31,17914903
2015-08-01,18168613
2015-08-02,19391468
2015-08-03,18937054
2015-08-04,20502711
2015-08-05,20233508
2015-08-06,20034590
2015-08-07,19092354
2015-08-08,19420692
2015-08-09,19682609
2015-08-10,19836249
2015-08-11,18344984
2015-08-12,19354570
2015-08-13,19142593
2015-08-14,19392303
2015-08-15,19258461
2015-08-16,19640102
2015-08-17,20289060
2015-08-18,20060120
2015-08-19,18867663
2015-08-20,19056020
2015-08-21,18884273
2015-08-22,18774833
2015-08-23,19867286
2015-08-24,20179188
2015-08-25,18539740
2015-08-26,18068841
2015-08-27,17835168
2015-08-28,17257786
2015-08-29,17809792
2015-08-30,18171711
2015-08-31,20535354
2015-09-01,18067601
2015-09-02,18405336
2015-09-03,17842176
2015-09-04,17467839
2015-09-05,17889601
2015-09-06,18984724
2015-09-07,19732067
2015-09-08,19633691
2015-09-09,18598040
2015-09-10,18045104
2015-09-11,18545589
2015-09-12,18921943
2015-09-13,19054571
2015-09-14,19209239
2015-09-15,19259534
2015-09-16,18089144
2015-09-17,18036358
2015-09-18,17584786
2015-09-19,17712219
2015-09-20,19452099
2015-09-21,20634380
2015-09-22,18669362
2015-09-23,19374816
2015-09-24,17764328
2015-09-25,17645706
2015-09-26,17917595
2015-09-27,18554386
2015-09-28,20175118
2015-09-29,17412353
2015-09-30,19557528
2015-10-01,18704051
2015-10-02,18364309
2015-10-03,18036007
2015-10-04,18803868
2015-10-05,19146525
2015-10-06,18109045
2015-10-07,18698394
2015-10-08,18916768
2015-10-09,18307000
2015-10-10,18793503
2015-10-11,18976895
2015-10-12,20130555
2015-10-13,19398331
2015-10-14,18638630
2015-10-15,18669929
2015-10-16,17729914
2015-10-17,17902906
2015-10-18,18891219
2015-10-19,21201043
2015-10-20,20528590
2015-10-21,21401602
2015-10-22,21315971
2015-10-23,18784151
2015-10-24,17399660
2015-10-25,19954819
2015-10-26,20392914
2015-10-27,20747825
2015-10-28,20334904
2015-10-29,18586647
2015-10-30,17961860
2015-10-31,17910504
2015-11-01,17763298
2015-11-02,21109666
2015-11-03,20868540
2015-11-04,19806825
2015-11-05,19507743
2015-11-06,17848974
2015-11-07,17332642
2015-11-08,18319734
2015-11-09,20552266
2015-11-10,19315622
2015-11-11,18988156
2015-11-12,18590630
2015-11-13,17860236
2015-11-14,17806236
2015-11-15,18870007
2015-11-16,20657921
2015-11-17,19579562
2015-11-18,19745609
2015-11-19,18971756
2015-11-20,17394951
2015-11-21,18765301
2015-11-22,19221630
2015-11-23,20393405
2015-11-24,19162233
2015-11-25,18568725
2015-11-26,17993586
2015-11-27,17705131
2015-11-28,18975958
2015-11-29,19117820
2015-11-30,21180335
2015-12-01,19895901
2015-12-02,17917915
2015-12-03,18221413
2015-12-04,17698714
2015-12-05,18003793
2015-12-06,18234703
2015-12-07,20874568
2015-12-08,19828780
2015-12-09,17819909
2015-12-10,16367743
2015-12-11,17311908
2015-12-12,16035196
2015-12-13,18152694
2015-12-14,19079271
2015-12-15,17082003
2015-12-16,17437719
2015-12-17,16312644
2015-12-18,16056841
2015-12-19,16413187
2015-12-20,16528858
2015-12-21,17619880
2015-12-22,17299761
2015-12-23,17595185
2015-12-24,17035246
2015-12-25,15866571
2015-12-26,17734171
2015-12-27,17275188
2015-12-28,18784420
2015-12-29,17368558
2015-12-30,17228537
2015-12-31,16839014
2016-01-01,16226325
2016-01-02,17465362
2016-01-03,17397299
2016-01-04,19077169
2016-01-05,18000248
2016-01-06,18212831
2016-01-07,17115893
2016-01-08,16222884
2016-01-09,16288228
2016-01-10,17141383
2016-01-11,18926389
2016-01-12,18289447
2016-01-13,16996678
2016-01-14,18010467
2016-01-15,17317613
2016-01-16,17994883
2016-01-17,18540990
2016-01-18,19257663
2016-01-19,19512926
2016-01-20,18588850
2016-01-21,18787547
2016-01-22,16741267
2016-01-23,17346910
2016-01-24,17441547
2016-01-25,19947747
2016-01-26,18476524
2016-01-27,19065944
2016-01-28,17160208
2016-01-29,17025052
2016-01-30,16940208
2016-01-31,18255565
2016-02-01,20135928
2016-02-02,18767382
2016-02-03,18693769
2016-02-04,18338803
2016-02-05,17709957
2016-02-06,18402911
2016-02-07,19184933
2016-02-08,20451615
2016-02-09,19420367
2016-02-10,17646633
2016-02-11,15775056
2016-02-12,16448837
2016-02-13,17354269
2016-02-14,18594281
2016-02-15,19883798
2016-02-16,20440632
2016-02-17,20031051
2016-02-18,18705113
2016-02-19,17653734
2016-02-20,17704382
2016-02-21,18479068
2016-02-22,20307686
2016-02-23,18999894
2016-02-24,18824359
2016-02-25,19212890
2016-02-26,17896173
2016-02-27,18595935
2016-02-28,19626236
2016-02-29,21384819
2016-03-01,19742613
2016-03-02,19455217
2016-03-03,20938224
2016-03-04,17824759
2016-03-05,19347314
2016-03-06,18307032
2016-03-07,19162407
2016-03-08,18196304
2016-03-09,17974357
2016-03-10,17123976
2016-03-11,15559551
2016-03-12,16226423
2016-03-13,14556858
2016-03-14,18492838
2016-03-15,16685278
2016-03-16,16183749
2016-03-17,15908866
2016-03-18,15777097
2016-03-19,14413015
2016-03-20,13909415
2016-03-21,15172398
2016-03-22,14357279
2016-03-23,14993843
2016-03-24,14497405
2016-03-25,13982838
2016-03-26,14474492
2016-03-27,15221520
2016-03-28,17284773
2016-03-29,15595791
2016-03-30,15188594
2016-03-31,14398425
2016-04-01,13487335
2016-04-02,14954681
2016-04-03,16058027
2016-04-04,18037294
2016-04-05,16885075
2016-04-06,16909367
2016-04-07,16722311
2016-04-08,16070932
2016-04-09,17020266
2016-04-10,17212374
2016-04-11,19063508
2016-04-12,18295210
2016-04-13,16976096
2016-04-14,16991953
2016-04-15,16504666
2016-04-16,17083363
2016-04-17,17425619
2016-04-18,20037973
2016-04-19,18423404
2016-04-20,17561604
2016-04-21,15592562
2016-04-22,15472794
2016-04-23,16562005
2016-04-24,17652551
2016-04-25,20040637
2016-04-26,17659434
2016-04-27,17517909
2016-04-28,17816115
2016-04-29,15845934
2016-04-30,17081637
2016-05-01,18068238
2016-05-02,19573286
2016-05-03,19030931
2016-05-04,18587310
2016-05-05,16659699
2016-05-06,16300814
2016-05-07,17104824
2016-05-08,17722424
2016-05-09,18985879
2016-05-10,18590068
2016-05-11,17745004
2016-05-12,18189862
2016-05-13,16602318
2016-05-14,18003930
2016-05-15,19054328
2016-05-16,20803248
2016-05-17,18862993
2016-05-18,17854176
2016-05-19,17541871
2016-05-20,16041286
2016-05-21,17775973
2016-05-22,15507535
2016-05-23,19364685
2016-05-24,18364534
2016-05-25,18672358
2016-05-26,17790357
2016-05-27,16244722
2016-05-28,17901084
2016-05-29,18901682
2016-05-30,19457090
2016-05-31,18935569
2016-06-01,18631926
2016-06-02,17209546
2016-06-03,15813440
2016-06-04,15521993
2016-06-05,18777674
2016-06-06,21736824
2016-06-07,18980717
2016-06-08,20001438
2016-06-09,18861701
2016-06-10,17676457
2016-06-11,20168502
2016-06-12,21434006
2016-06-13,22732233
2016-06-14,21461787
2016-06-15,19409713
2016-06-16,18093754
2016-06-17,16193568
2016-06-18,18313316
2016-06-19,18912180
2016-06-20,20812973
2016-06-21,19622820
2016-06-22,19698158
2016-06-23,19468127
2016-06-24,17758379
2016-06-25,19132966
2016-06-26,20129247
2016-06-27,18542864
2016-06-28,19901311
2016-06-29,19468000
2016-06-30,23090169
2016-07-01,17133730
2016-07-02,20085346
2016-07-03,20399942
2016-07-04,21447888
2016-07-05,18610671
2016-07-06,14388489
2016-07-07,14771731
2016-07-08,15985818
2016-07-09,18291216
2016-07-10,20242552
2016-07-11,21332995
2016-07-12,19898144
2016-07-13,19101411
2016-07-14,19102792
2016-07-15,17755744
2016-07-16,20092874
2016-07-17,20606170
2016-07-18,21999661
2016-07-19,20832368
2016-07-20,34025866
2016-07-21,51067835
2016-07-22,58359891
2016-07-23,59219097
2016-07-24,61949971
2016-07-25,67014393
2016-07-26,67166302
2016-07-27,65050173
2016-07-28,64242255
2016-07-29,60512119
2016-07-30,58943010
2016-07-31,62152630
2016-08-01,65843652
2016-08-02,62943516
2016-08-03,52662001
2016-08-04,45456402
2016-08-05,47335973
2016-08-06,51057249
2016-08-07,53293937
2016-08-08,58963124
2016-08-09,58685739
2016-08-10,60827085
2016-08-11,60273975
2016-08-12,58923420
2016-08-13,59524218
2016-08-14,59504804
2016-08-15,62948832
2016-08-16,56391340
2016-08-17,24820120
2016-08-18,22198582
2016-08-19,20198111
2016-08-20,23156757
2016-08-21,23851305
2016-08-22,25824491
2016-08-23,25236592
2016-08-24,24013167
2016-08-25,22127616
2016-08-26,20690432
2016-08-27,23537709
2016-08-28,24758503
2016-08-29,26761983
2016-08-30,26219733
2016-08-31,24410024
2016-09-01,23921319
2016-09-02,20483687
2016-09-03,23209108
2016-09-04,23358851
2016-09-05,25413346
2016-09-06,25316719
2016-09-07,23732424
2016-09-08,22865639
2016-09-09,20656297
2016-09-10,23107139
2016-09-11,23513245
2016-09-12,21014243
2016-09-13,23982481
2016-09-14,27212560
2016-09-15,27849368
2016-09-16,21345891
2016-09-17,24481897
2016-09-18,24313704
2016-09-19,25739264
2016-09-20,21001026
2016-09-21,23213221
2016-09-22,22713915
2016-09-23,20393952
2016-09-24,22912669
2016-09-25,23692660
2016-09-26,24589349
2016-09-27,25084675
2016-09-28,23969560
2016-09-29,22727370
2016-09-30,20860098
2016-10-01,23993983
2016-10-02,23757096
2016-10-03,25940540
2016-10-04,26262163
2016-10-05,31977965
2016-10-06,33316716
2016-10-07,20726883
2016-10-08,22921602
2016-10-09,23808302
2016-10-10,24774853
2016-10-11,19565788
2016-10-12,17597501
2016-10-13,21292900
2016-10-14,21154729
2016-10-15,24149754
2016-10-16,24483085
2016-10-17,26859229
2016-10-18,25113205
2016-10-19,23549211
2016-10-20,21991278
2016-10-21,20156016
2016-10-22,23320751
2016-10-23,23519671
2016-10-24,25284791
2016-10-25,24110463
2016-10-26,23337188
2016-10-27,22162571
2016-10-28,19759240
2016-10-29,22475042
2016-10-30,22848380
2016-10-31,25113189
2016-11-01,23936047
2016-11-02,23630686
2016-11-03,22573154
2016-11-04,20768844
2016-11-05,22884296
2016-11-06,23223392
2016-11-07,24918968
2016-11-08,24497888
2016-11-09,24871040
2016-11-10,22447146
2016-11-11,20683520
2016-11-12,23385870
2016-11-13,24276230
2016-11-14,25469178
2016-11-15,24134581
2016-11-16,23933677
2016-11-17,22231343
2016-11-18,20184497
2016-11-19,22684302
2016-11-20,20292298
2016-11-21,24333039
2016-11-22,23862500
2016-11-23,22610419
2016-11-24,21031145
2016-11-25,19955670
2016-11-26,22781245
2016-11-27,22134747
2016-11-28,21291249
2016-11-29,22683408
2016-11-30,20201002
2016-12-01,21082749
2016-12-02,19471807
2016-12-03,22623536
2016-12-04,22578871
2016-12-05,25102483
2016-12-06,23600866
2016-12-07,22836659
2016-12-08,21812989
2016-12-09,19445052
2016-12-10,22768869
2016-12-11,22845644
2016-12-12,24676646
2016-12-13,23574879
2016-12-14,22574417
2016-12-15,20760754
2016-12-16,19573489
2016-12-17,18479620
2016-12-18,22342618
2016-12-19,24986066
2016-12-20,24944477
2016-12-21,26193681
2016-12-22,24104069
2016-12-23,22431307
2016-12-24,24947083
2016-12-25,25758858
2016-12-26,28254588
2016-12-27,26838603
2016-12-28,26952097
2016-12-29,25992820
2016-12-30,24261468
2016-12-31,26072433
2017-01-01,26910229
2017-01-02,29206169
2017-01-03,26996382
2017-01-04,26303843
2017-01-05,24828560
2017-01-06,22312443
2017-01-07,26630559
2017-01-08,27092943
2017-01-09,28172154
2017-01-10,24253727
2017-01-11,27376690
2017-01-12,24362881
2017-01-13,23355363
2017-01-14,26642822
2017-01-15,28187692
2017-01-16,29552703
2017-01-17,29389342
2017-01-18,26962717
2017-01-19,25646004
2017-01-20,23305291
2017-01-21,27527714
2017-01-22,29519109
2017-01-23,29691865
2017-01-24,28879883
2017-01-25,28351719
2017-01-26,26763634
2017-01-27,23722928
2017-01-28,27706392
2017-01-29,29565663
2017-01-30,31307572
2017-01-31,29415839
2017-02-01,27778363
2017-02-02,24781556
2017-02-03,24561592
2017-02-04,26624330
2017-02-05,27548977
2017-02-06,28934801
2017-02-07,25827878
2017-02-08,24061128
2017-02-09,24186872
2017-02-10,21838830
2017-02-11,26538879
2017-02-12,26511877
2017-02-13,27006717
2017-02-14,25049667
2017-02-15,26803935
2017-02-16,23925634
2017-02-17,21363408
2017-02-18,24267365
2017-02-19,25474980
2017-02-20,28176663
2017-02-21,25033651
2017-02-22,24645120
2017-02-23,23781332
2017-02-24,21453413
2017-02-25,25927925
2017-02-26,26361732
2017-02-27,28197325
2017-02-28,25241091
2017-03-01,24758275
2017-03-02,20904765
2017-03-03,21333235
2017-03-04,25127956
2017-03-05,25790874
2017-03-06,27354810
2017-03-07,26293985
2017-03-08,25620987
2017-03-09,24654158
2017-03-10,21006338
2017-03-11,25288135
2017-03-12,27362030
2017-03-13,26984088
2017-03-14,23862571
2017-03-15,23384675
2017-03-16,22513621
2017-03-17,21790350
2017-03-18,24750874
2017-03-19,22740466
2017-03-20,20599968
2017-03-21,19935497
2017-03-22,19074031
2017-03-23,16138707
2017-03-24,16382152
2017-03-25,19006707
2017-03-26,18787805
2017-03-27,20159001
2017-03-28,21408938
2017-03-29,22119515
2017-03-30,17876413
2017-03-31,16900371
2017-04-01,16719302
2017-04-02,15534209
2017-04-03,22345096
2017-04-04,22447935
2017-04-05,22525875
2017-04-06,20932879
2017-04-07,18019491
2017-04-08,22741634
2017-04-09,22433187
2017-04-10,23319313
2017-04-11,18144912
2017-04-12,20314188
2017-04-13,20544406
2017-04-14,17481897
2017-04-15,19824247
2017-04-16,20272378
2017-04-17,22862649
2017-04-18,21355423
2017-04-19,20608404
2017-04-20,19224693
2017-04-21,16972266
2017-04-22,20048321
2017-04-23,21186143
2017-04-24,23388087
2017-04-25,18292995
2017-04-26,21127222
2017-04-27,19990005
2017-04-28,17239238
2017-04-29,20618374
2017-04-30,21661729
2017-05-01,24297771
2017-05-02,23493093
2017-05-03,21846980
2017-05-04,20770087
2017-05-05,18081419
2017-05-06,21412162
2017-05-07,20950702
2017-05-08,23829580
2017-05-09,23404065
2017-05-10,21517567
2017-05-11,19220809
2017-05-12,16622264
2017-05-13,20778919
2017-05-14,21440887
2017-05-15,23242305
2017-05-16,21982082
2017-05-17,21252222
2017-05-18,20077400
2017-05-19,17078974
2017-05-20,20831597
2017-05-21,21731363
2017-05-22,24482483
2017-05-23,23147377
2017-05-24,17383346
2017-05-25,15607191
2017-05-26,13728931
2017-05-27,15290684
2017-05-28,16532208
2017-05-29,18619035
2017-05-30,17156822
2017-05-31,17027845
2017-06-01,15807637
2017-06-02,13363377
2017-06-03,15912318
2017-06-04,13884104
2017-06-05,15064184
2017-06-06,17405705
2017-06-07,17100207
2017-06-08,16989800
2017-06-09,15157273
2017-06-10,16524724
2017-06-11,16618414
2017-06-12,18601468
2017-06-13,16514234
2017-06-14,16230352
2017-06-15,15767944
2017-06-16,13960647
2017-06-17,15706489
2017-06-18,15473494
2017-06-19,18062614
2017-06-20,16920085
2017-06-21,16865219
2017-06-22,14986369
2017-06-23,13067236
2017-06-24,16013834
2017-06-25,15219654
2017-06-26,12651537
2017-06-27,12313821
2017-06-28,14739607
2017-06-29,14402533
2017-06-30,13177389
2017-07-01,16110996
2017-07-02,15837731
2017-07-03,17448129
2017-07-04,16703223
2017-07-05,15594013
2017-07-06,15279600
2017-07-07,13391411
2017-07-08,16195775
2017-07-09,16262500
2017-07-10,17527465
2017-07-11,16793166
2017-07-12,15935094
2017-07-13,15891748
2017-07-14,13397382
2017-07-15,16321343
2017-07-16,16244548
2017-07-17,18176502
2017-07-18,16374822
2017-07-19,16384620
2017-07-20,13372609
2017-07-21,12974288
2017-07-22,16039885
2017-07-23,15875504
2017-07-24,17381284
2017-07-25,16928138
2017-07-26,16194476
2017-07-27,14745222
2017-07-28,12638290
2017-07-29,15785487
2017-07-30,15755279
2017-07-31,18461040
2017-08-01,16001119
2017-08-02,15623474
2017-08-03,14767419
2017-08-04,12635749
2017-08-05,13162489
2017-08-06,15730755
2017-08-07,17836874
2017-08-08,16665088
2017-08-09,17163819
2017-08-10,17049510
2017-08-11,14817686
2017-08-12,17130052
2017-08-13,15667592
2017-08-14,17334419
2017-08-15,16701570
2017-08-16,17605102
2017-08-17,16569872
2017-08-18,13577329
2017-08-19,14617060
2017-08-20,14585701
2017-08-21,18246667
2017-08-22,17242315
2017-08-23,16780650
2017-08-24,15458463
2017-08-25,13798638
2017-08-26,15917886
2017-08-27,15886130
2017-08-28,17746856
2017-08-29,17343234
2017-08-30,15096508
2017-08-31,14112875
2017-09-01,12075689
2017-09-02,14272464
2017-09-03,15617125
2017-09-04,16640533
2017-09-05,17187034
2017-09-06,16432162
2017-09-07,15123362
2017-09-08,13822285
2017-09-09,12442248
2017-09-10,15466156
2017-09-11,17940547
2017-09-12,16674266
2017-09-13,16070907
2017-09-14,15277319
2017-09-15,13932277
2017-09-16,15967798
2017-09-17,15791613
2017-09-18,18934355
2017-09-19,17319107
2017-09-20,17670586
2017-09-21,16600645
2017-09-22,14004083
2017-09-23,15625651
2017-09-24,16261101
2017-09-25,19075666
2017-09-26,17262074
2017-09-27,16905457
2017-09-28,15986895
2017-09-29,13239837
2017-09-30,11396839
2017-10-01,10785510
2017-10-02,16748098
2017-10-03,16540417
2017-10-04,16361189
2017-10-05,15259751
2017-10-06,12390620
2017-10-07,15141676
2017-10-08,15368372
2017-10-09,18389949
2017-10-10,17209956
2017-10-11,16827360
2017-10-12,17127581
2017-10-13,16054918
2017-10-14,18143612
2017-10-15,17601420
2017-10-16,19051179
2017-10-17,18076299
2017-10-18,16116126
2017-10-19,15212926
2017-10-20,14069783
2017-10-21,15536712
2017-10-22,15502123
2017-10-23,18229171
2017-10-24,17388326
2017-10-25,17130474
2017-10-26,15546022
2017-10-27,14848299
2017-10-28,16140268
2017-10-29,15952406
2017-10-30,18830440
2017-10-31,17443498
2017-11-01,18817331
2017-11-02,18126781
2017-11-03,15961482
2017-11-04,17334672
2017-11-05,17257904
2017-11-06,18981026
2017-11-07,18686110
2017-11-08,18249928
2017-11-09,15195794
2017-11-10,15669585
2017-11-11,17290357
2017-11-12,17175778
2017-11-13,20036918
2017-11-14,17594473
2017-11-15,17662230
2017-11-16,15690748
2017-11-17,14043780
2017-11-18,15741638
2017-11-19,13169310
2017-11-20,18845217
2017-11-21,18387732
2017-11-22,17527049
2017-11-23,15903177
2017-11-24,15021027
2017-11-25,15880240
2017-11-26,16288954
2017-11-27,17417027
2017-11-28,17382749
2017-11-29,17593101
2017-11-30,16107897
2017-12-01,13938093
2017-12-02,16027794
2017-12-03,16328966
2017-12-04,18969802
2017-12-05,17900886
2017-12-06,15189526
2017-12-07,16102694
2017-12-08,14647425
2017-12-09,15456888
2017-12-10,15861379
2017-12-11,18125562
2017-12-12,16690118
2017-12-13,16209541
2017-12-14,15427882
2017-12-15,14594588
2017-12-16,15555167
2017-12-17,16417440
2017-12-18,18258367
2017-12-19,17694595
2017-12-20,17108613
2017-12-21,15702194
2017-12-22,13956715
2017-12-23,16113612
2017-12-24,16066183
2017-12-25,16985700
2017-12-26,16767156
2017-12-27,16687754
2017-12-28,16365859
2017-12-29,14409944
2017-12-30,16459427
2017-12-31,16692166
2018-01-01,18300927
2018-01-02,17109822
2018-01-03,16871051
2018-01-04,15896656
2018-01-05,14577101
2018-01-06,16562727
2018-01-07,17018516
2018-01-08,18370204
2018-01-09,17926423
2018-01-10,17483936
2018-01-11,16155207
2018-01-12,15617955
2018-01-13,16961796
2018-01-14,17656862
2018-01-15,20746512
2018-01-16,19087842
2018-01-17,18302759
2018-01-18,17881071
2018-01-19,15335626
2018-01-20,17610743
2018-01-21,17516978
2018-01-22,20986940
2018-01-23,19758804
2018-01-24,18558042
2018-01-25,17437180
2018-01-26,16734895
2018-01-27,18313379
2018-01-28,16408695
2018-01-29,19065518
2018-01-30,18540541
2018-01-31,18644152
2018-02-01,17994050
2018-02-02,16242250
2018-02-03,18246290
2018-02-04,18599986
2018-02-05,19456337
2018-02-06,19144278
2018-02-07,18616014
2018-02-08,17739546
2018-02-09,16713706
2018-02-10,17012080
2018-02-11,14983057
2018-02-12,19381082
2018-02-13,17909844
2018-02-14,17641209
2018-02-15,16361529
2018-02-16,15602932
2018-02-17,17085085
2018-02-18,17244841
2018-02-19,18984291
2018-02-20,16224657
2018-02-21,18041150
2018-02-22,17247210
2018-02-23,15273415
2018-02-24,17591659
2018-02-25,17233759
2018-02-26,20164096
2018-02-27,18259660
2018-02-28,17545892
2018-03-01,17462052
2018-03-02,15489987
2018-03-03,17542774
2018-03-04,16983484
2018-03-05,19987037
2018-03-06,18924188
2018-03-07,17927852
2018-03-08,17001196
2018-03-09,15640275
2018-03-10,17727170
2018-03-11,17073567
2018-03-12,20152181
2018-03-13,17796981
2018-03-14,17271064
2018-03-15,16407552
2018-03-16,15372374
2018-03-17,16342984
2018-03-18,16414599
2018-03-19,18388919
2018-03-20,14644930
2018-03-21,12833621
2018-03-22,13766026
2018-03-23,12879676
2018-03-24,13231633
2018-03-25,13159737
2018-03-26,16294810
2018-03-27,15275477
2018-03-28,14553884
2018-03-29,13251342
2018-03-30,13090177
2018-03-31,12826368
2018-04-01,11259873
2018-04-02,13051816
2018-04-03,15928867
2018-04-04,15682521
2018-04-05,14890824
2018-04-06,13634419
2018-04-07,18323874
2018-04-08,15843719
2018-04-09,18092376
2018-04-10,17170728
2018-04-11,16846581
2018-04-12,15423647
2018-04-13,13761863
2018-04-14,13340102
2018-04-15,16104613
2018-04-16,18203945
2018-04-17,16734997
2018-04-18,17254357
2018-04-19,16199341
2018-04-20,14327680
2018-04-21,15958476
2018-04-22,15569069
2018-04-23,18140833
2018-04-24,17528980
2018-04-25,17267992
2018-04-26,16108671
2018-04-27,14515163
2018-04-28,16136390
2018-04-29,15881115
2018-04-30,18923636
2018-05-01,16142923
2018-05-02,14018406
2018-05-03,15214994
2018-05-04,13764587
2018-05-05,16659415
2018-05-06,15368782
2018-05-07,17320092
2018-05-08,16481671
2018-05-09,14548231
2018-05-10,14225489
2018-05-11,12794687
2018-05-12,14867134
2018-05-13,14389345
2018-05-14,16355434
2018-05-15,15604482
2018-05-16,14917607
2018-05-17,13606648
2018-05-18,12523207
2018-05-19,14528074
2018-05-20,14363968
2018-05-21,17110999
2018-05-22,15559405
2018-05-23,15660867
2018-05-24,14200142
2018-05-25,12664629
2018-05-26,14090249
2018-05-27,14770893
2018-05-28,16343943
2018-05-29,15701938
2018-05-30,14709268
2018-05-31,13773614
2018-06-01,11910057
2018-06-02,13841210
2018-06-03,13662463
2018-06-04,13247904
2018-06-05,12203374
2018-06-06,12203540
2018-06-07,13134303
2018-06-08,12018707
2018-06-09,14327781
2018-06-10,13893716
2018-06-11,15813795
2018-06-12,14804254
2018-06-13,14391326
2018-06-14,13525499
2018-06-15,10556820
2018-06-16,10795390
2018-06-17,13387015
2018-06-18,15410546
2018-06-19,15754303
2018-06-20,14845272
2018-06-21,14276123
2018-06-22,12687223
2018-06-23,14998124
2018-06-24,14115452
2018-06-25,17262717
2018-06-26,14744412
2018-06-27,14538648
2018-06-28,13885417
2018-06-29,12778638
2018-06-30,15168152
2018-07-01,14687989
2018-07-02,16136119
2018-07-03,16004296
2018-07-04,15327172
2018-07-05,14157664
2018-07-06,13048652
2018-07-07,14817996
2018-07-08,14793274
2018-07-09,14475058
2018-07-10,15297513
2018-07-11,15239699
2018-07-12,13907787
2018-07-13,12863345
2018-07-14,15273562
2018-07-15,13980610
2018-07-16,16185710
2018-07-17,15484875
2018-07-18,14774962
2018-07-19,14073594
2018-07-20,13552599
2018-07-21,14621966
2018-07-22,13996583
2018-07-23,16816122
2018-07-24,15306863
2018-07-25,14133964
2018-07-26,13683455
2018-07-27,12417771
2018-07-28,13838114
2018-07-29,13544050
2018-07-30,16470638
2018-07-31,15511845
2018-08-01,15121601
2018-08-02,14692009
2018-08-03,13545508
2018-08-04,13951556
2018-08-05,14262926
2018-08-06,16040639
2018-08-07,14946219
2018-08-08,14556847
2018-08-09,13351626
2018-08-10,12721887
2018-08-11,13844580
2018-08-12,12935707
2018-08-13,16420247
2018-08-14,15114150
2018-08-15,14396292
2018-08-16,13682073
2018-08-17,11975715
2018-08-18,13486990
2018-08-19,13140528
2018-08-20,15091795
2018-08-21,12654770
2018-08-22,10833467
2018-08-23,11461169
2018-08-24,11583597
2018-08-25,13266751
2018-08-26,14115694
2018-08-27,16272148
2018-08-28,15288407
2018-08-29,14887923
2018-08-30,14240116
2018-08-31,13547629
2018-09-01,15353495
2018-09-02,14824882
2018-09-03,17057579
2018-09-04,17027188
2018-09-05,15540204
2018-09-06,15527812
2018-09-07,13951248
2018-09-08,15738415
2018-09-09,15186553
2018-09-10,17311152
2018-09-11,16456513
2018-09-12,15271724
2018-09-13,14717336
2018-09-14,13528460
2018-09-15,15473879
2018-09-16,15376233
2018-09-17,17183592
2018-09-18,15230089
2018-09-19,11797232
2018-09-20,10473202
2018-09-21,10975493
2018-09-22,14094555
2018-09-23,14026865
2018-09-24,16843596
2018-09-25,16278933
2018-09-26,15808802
2018-09-27,13894430
2018-09-28,12965917
2018-09-29,15261761
2018-09-30,14897881
2018-10-01,16899479
2018-10-02,15406277
2018-10-03,15094390
2018-10-04,14900864
2018-10-05,14923223
2018-10-06,15829678
2018-10-07,15768628
2018-10-08,17480871
2018-10-09,16027262
2018-10-10,14847638
2018-10-11,14300421
2018-10-12,13070703
2018-10-13,14220600
2018-10-14,13392042
2018-10-15,16977404
2018-10-16,16440774
2018-10-17,16126771
2018-10-18,14154813
2018-10-19,12909707
2018-10-20,14751680
2018-10-21,14386080
2018-10-22,16893312
2018-10-23,15874378
2018-10-24,16273194
2018-10-25,15197348
2018-10-26,13425736
2018-10-27,14845856
2018-10-28,14836773
2018-10-29,17699508
2018-10-30,13343210
2018-10-31,15836589
2018-11-01,14840488
2018-11-02,13235426
2018-11-03,15157678
2018-11-04,14469320
2018-11-05,17004324
2018-11-06,15451302
2018-11-07,14196267
2018-11-08,13573508
2018-11-09,13713764
2018-11-10,15255221
2018-11-11,16180597
2018-11-12,17585480
2018-11-13,16984854
2018-11-14,15051829
2018-11-15,15778933
2018-11-16,14289215
2018-11-17,16080500
2018-11-18,15402278
2018-11-19,18388082
2018-11-20,16646677
2018-11-21,15808642
2018-11-22,15261221
2018-11-23,14039012
2018-11-24,15748725
2018-11-25,13253689
2018-11-26,17265643
2018-11-27,16412835
2018-11-28,17079874
2018-11-29,15419487
2018-11-30,13473789
2018-12-01,16269313
2018-12-02,16374525
2018-12-03,18878261
2018-12-04,16955103
2018-12-05,17434296
2018-12-06,17264732
2018-12-07,15655476
2018-12-08,16572228
2018-12-09,16187649
2018-12-10,18946847
2018-12-11,17707080
2018-12-12,16884572
2018-12-13,15446322
2018-12-14,14640903
2018-12-15,16032729
2018-12-16,15938708
2018-12-17,18447120
2018-12-18,16859230
2018-12-19,16529561
2018-12-20,15559163
2018-12-21,14068023
2018-12-22,16388617
2018-12-23,16034921
2018-12-24,18000379
2018-12-25,15757346
2018-12-26,16795736
2018-12-27,16582890
2018-12-28,14906247
2018-12-29,16670166
2018-12-30,16667106
2018-12-31,18298079
2019-01-01,16865930
2019-01-02,16923511
2019-01-03,16666430
2019-01-04,15274054
2019-01-05,16712678
2019-01-06,16488079
2019-01-07,19745929
2019-01-08,17345085
2019-01-09,16378043
2019-01-10,15378628
2019-01-11,14416268
2019-01-12,16435873
2019-01-13,16153417
2019-01-14,19065877
2019-01-15,17537361
2019-01-16,16475819
2019-01-17,16612705
2019-01-18,15610428
2019-01-19,17829732
2019-01-20,16191156
2019-01-21,18446678
2019-01-22,17711520
2019-01-23,17152354
2019-01-24,16799498
2019-01-25,14358261
2019-01-26,16505812
2019-01-27,16460651
2019-01-28,18966510
2019-01-29,17523311
2019-01-30,16670880
2019-01-31,15673610
2019-02-01,14851820
2019-02-02,16647473
2019-02-03,15762790
2019-02-04,18853446
2019-02-05,16661605
2019-02-06,16880002
2019-02-07,15433765
2019-02-08,14542528
2019-02-09,13427529
2019-02-10,14750647
2019-02-11,15923873
2019-02-12,17376513
2019-02-13,16442365
2019-02-14,16176378
2019-02-15,15727684
2019-02-16,17138258
2019-02-17,16700113
2019-02-18,19358001
2019-02-19,18144553
2019-02-20,16948848
2019-02-21,15883358
2019-02-22,14637806
2019-02-23,16929580
2019-02-24,16288034
2019-02-25,19170738
2019-02-26,17740707
2019-02-27,17021508
2019-02-28,16488186
2019-03-01,14615010
2019-03-02,16717206
2019-03-03,17771768
2019-03-04,19282531
2019-03-05,17431186
2019-03-06,17982568
2019-03-07,16367016
2019-03-08,15195914
2019-03-09,17158845
2019-03-10,15860672
2019-03-11,18498505
2019-03-12,17241858
2019-03-13,15586981
2019-03-14,15366750
2019-03-15,14085563
2019-03-16,15681970
2019-03-17,15525384
2019-03-18,18700474
2019-03-19,15914743
2019-03-20,13565794
2019-03-21,13248673
2019-03-22,13297863
2019-03-23,11988523
2019-03-24,12360669
2019-03-25,15746666
2019-03-26,15055315
2019-03-27,14326248
2019-03-28,14096213
2019-03-29,13637083
2019-03-30,15650380
2019-03-31,13848732
2019-04-01,14318301
2019-04-02,12509705
2019-04-03,14000407
2019-04-04,14557179
2019-04-05,14664348
2019-04-06,16877783
2019-04-07,16098788
2019-04-08,19128704
2019-04-09,18743253
2019-04-10,17627877
2019-04-11,16236089
2019-04-12,15025384
2019-04-13,16526725
2019-04-14,17490050
2019-04-15,19815108
2019-04-16,18845485
2019-04-17,17871266
2019-04-18,16829259
2019-04-19,15310527
2019-04-20,17455078
2019-04-21,14723000
2019-04-22,19340491
2019-04-23,18372092
2019-04-24,18245745
2019-04-25,17065983
2019-04-26,15342190
2019-04-27,17149486
2019-04-28,17375979
2019-04-29,18380994
2019-04-30,18732508
2019-05-01,17038802
2019-05-02,16635313
2019-05-03,15335204
2019-05-04,17194458
2019-05-05,17073730
2019-05-06,19661246
2019-05-07,18452424
2019-05-08,17834387
2019-05-09,16976144
2019-05-10,15093297
2019-05-11,18014691
2019-05-12,16503569
2019-05-13,18697124
2019-05-14,17701380
2019-05-15,16349076
2019-05-16,15653245
2019-05-17,15436929
2019-05-18,16509329
2019-05-19,16118744
2019-05-20,18589043
2019-05-21,18025814
2019-05-22,18232876
2019-05-23,16347868
2019-05-24,14097402
2019-05-25,15374302
2019-05-26,15399654
2019-05-27,15200366
2019-05-28,16549630
2019-05-29,15823734
2019-05-30,15800964
2019-05-31,14203983
2019-06-01,15777209
2019-06-02,15486475
2019-06-03,17241016
2019-06-04,12912221
2019-06-05,11809738
2019-06-06,12104174
2019-06-07,12347974
2019-06-08,14838089
2019-06-09,14853242
2019-06-10,17633788
2019-06-11,16797785
2019-06-12,16172442
2019-06-13,15794227
2019-06-14,14216475
2019-06-15,17326406
2019-06-16,16039250
2019-06-17,18479060
2019-06-18,17980943
2019-06-19,17889000
2019-06-20,16994371
2019-06-21,15865995
2019-06-22,17952620
2019-06-23,17045175
2019-06-24,19372556
2019-06-25,18653213
2019-06-26,17419012
2019-06-27,15907989
2019-06-28,14936588
2019-06-29,13948796
2019-06-30,16862758
2019-07-01,18531951
2019-07-02,18664030
2019-07-03,18005828
2019-07-04,17022073
2019-07-05,15835316
2019-07-06,18635226
2019-07-07,17457749
2019-07-08,19229726
2019-07-09,19836784
2019-07-10,18558276
2019-07-11,16721257
2019-07-12,13354945
2019-07-13,16531494
2019-07-14,15919272
2019-07-15,18137495
2019-07-16,17419401
2019-07-17,16933906
2019-07-18,15834717
2019-07-19,13882145
2019-07-20,17199556
2019-07-21,17613839
2019-07-22,18056258
2019-07-23,17677619
2019-07-24,16971555
2019-07-25,16096168
2019-07-26,14631172
2019-07-27,16964161
2019-07-28,15720340
2019-07-29,16268397
2019-07-30,16370159
2019-07-31,16425760
2019-08-01,15440728
2019-08-02,13611848
2019-08-03,16427768
2019-08-04,16089165
2019-08-05,17926595
2019-08-06,17815294
2019-08-07,16073190
2019-08-08,15332502
2019-08-09,14087611
2019-08-10,15379913
2019-08-11,13559628
2019-08-12,11876275
2019-08-13,14860851
2019-08-14,13847223
2019-08-15,13509590
2019-08-16,12311093
2019-08-17,15308896
2019-08-18,15085500
2019-08-19,16983893
2019-08-20,14141875
2019-08-21,16569345
2019-08-22,15244267
2019-08-23,14130237
2019-08-24,16081826
2019-08-25,14531975
2019-08-26,17752382
2019-08-27,16930864
2019-08-28,18424544
2019-08-29,16300747
2019-08-30,13495177
2019-08-31,15730827
2019-09-01,15032226
2019-09-02,17820076
2019-09-03,18786136
2019-09-04,17578307
2019-09-05,16351220
2019-09-06,13532682
2019-09-07,14148466
2019-09-08,15908637
2019-09-09,13122103
2019-09-10,11602792
2019-09-11,15378498
2019-09-12,15522441
2019-09-13,13212241
2019-09-14,15440160
2019-09-15,14861981
2019-09-16,17765233
2019-09-17,17234704
2019-09-18,16494146
2019-09-19,16438624
2019-09-20,14035321
2019-09-21,16044710
2019-09-22,16103198
2019-09-23,18291895
2019-09-24,16921522
2019-09-25,17256025
2019-09-26,15993242
2019-09-27,13705089
2019-09-28,15472162
2019-09-29,15310122
2019-09-30,18051752
2019-10-01,17114283
2019-10-02,16230526
2019-10-03,15326187
2019-10-04,13305976
2019-10-05,15905137
2019-10-06,15431656
2019-10-07,18994330
2019-10-08,16904225
2019-10-09,15157324
2019-10-10,14990064
2019-10-11,14007889
2019-10-12,16350773
2019-10-13,15340471
2019-10-14,18025150
2019-10-15,17544953
2019-10-16,16169140
2019-10-17,15276272
2019-10-18,14175927
2019-10-19,13918555
2019-10-20,15114290
2019-10-21,17294585
2019-10-22,17411845
2019-10-23,16372316
2019-10-24,15265798
2019-10-25,13832186
2019-10-26,15387526
2019-10-27,12813811
2019-10-28,17480323
2019-10-29,12490017
2019-10-30,15750901
2019-10-31,15717607
2019-11-01,14602260
2019-11-02,15580294
2019-11-03,15706069
2019-11-04,17806491
2019-11-05,15749434
2019-11-06,12965132
2019-11-07,14408995
2019-11-08,12761128
2019-11-09,14136804
2019-11-10,13677558
2019-11-11,15750981
2019-11-12,13896940
2019-11-13,13236904
2019-11-14,11896193
2019-11-15,12026680
2019-11-16,10013290
2019-11-17,7450189
2019-11-18,7870622
2019-11-19,7799348
2019-11-20,7709964
2019-11-21,8023683
2019-11-22,7911450
2019-11-23,8894223
2019-11-24,10601001
2019-11-25,11619875
2019-11-26,11863056
2019-11-27,11458376
2019-11-28,11759140
2019-11-29,10735024
2019-11-30,11819153
2019-12-01,11410192
2019-12-02,12074547
2019-12-03,12099031
2019-12-04,11818361
2019-12-05,10980986
2019-12-06,9824215
2019-12-07,10812148
2019-12-08,10803584
2019-12-09,12049922
2019-12-10,10586327
2019-12-11,10202490
2019-12-12,10466100
2019-12-13,9310050
2019-12-14,10191819
2019-12-15,10359234
2019-12-16,11266371
2019-12-17,10878125
2019-12-18,10450089
2019-12-19,9442590
2019-12-20,8989302
2019-12-21,9733239
2019-12-22,9875249
2019-12-23,10731424
2019-12-24,10027374
2019-12-25,9688091
2019-12-26,10004814
2019-12-27,9200548
2019-12-28,10154902
2019-12-29,9859137
2019-12-30,24052761
2019-12-31,11742010
2020-01-01,11673899
2020-01-02,11375892
2020-01-03,10322901
2020-01-04,11542512
2020-01-05,11140614
2020-01-06,12144639
2020-01-07,11974936
2020-01-08,12162130
2020-01-09,11451776
2020-01-10,9805119
2020-01-11,10648391
2020-01-12,10579271
2020-01-13,11156819
2020-01-14,10737945
2020-01-15,10593167
2020-01-16,10589213
2020-01-17,9792114
2020-01-18,11054080
2020-01-19,10505672
2020-01-20,12579690
2020-01-21,11678719
2020-01-22,11519178
2020-01-23,11718282
2020-01-24,9572737
2020-01-25,10578428
2020-01-26,10056676
2020-01-27,10613990
2020-01-28,11231598
2020-01-29,10127915
2020-01-30,10612920
2020-01-31,9813382
2020-02-01,10577327
2020-02-02,10388276
2020-02-03,12144109
2020-02-04,11874757
2020-02-05,11114646
2020-02-06,10704519
2020-02-07,9280298
2020-02-08,9677287
2020-02-09,10107042
2020-02-10,11641961
2020-02-11,10049273
2020-02-12,10626976
2020-02-13,10286445
2020-02-14,9641554
2020-02-15,10406044
2020-02-16,9999663
2020-02-17,11383080
2020-02-18,11147434
2020-02-19,11033471
2020-02-20,10213849
2020-02-21,9089134
2020-02-22,10236159
2020-02-23,10035152
2020-02-24,10838504
2020-02-25,10443958
2020-02-26,9771673
2020-02-27,10088519
2020-02-28,9638236
2020-02-29,11011950
2020-03-01,10913199
2020-03-02,11533823
2020-03-03,10771138
2020-03-04,10418900
2020-03-05,10035605
2020-03-06,9562992
2020-03-07,9785373
2020-03-08,8969733
2020-03-09,11195792
2020-03-10,10689311
2020-03-11,10184831
2020-03-12,10026616
2020-03-13,9970170
2020-03-14,10103415
2020-03-15,9934253
2020-03-16,10588301
2020-03-17,10132066
2020-03-18,10207749
2020-03-19,9604593
2020-03-20,8818681
2020-03-21,8950027
2020-03-22,9087572
2020-03-23,9196837
2020-03-24,9327984
2020-03-25,9375588
2020-03-26,9370825
2020-03-27,8921871
2020-03-28,9206785
2020-03-29,9629805
2020-03-30,10037611
2020-03-31,9522226
2020-04-01,8842830
2020-04-02,9721786
2020-04-03,9862213
2020-04-04,10566321
2020-04-05,10315807
2020-04-06,10586769
2020-04-07,10172193
2020-04-08,11287606
2020-04-09,10584924
2020-04-10,10050414
2020-04-11,11064348
2020-04-12,11941556
2020-04-13,12801988
2020-04-14,13335107
2020-04-15,12114437
2020-04-16,10690035
2020-04-17,9805894
2020-04-18,10118441
2020-04-19,10137220
2020-04-20,12773974
2020-04-21,11077768
2020-04-22,10562111
2020-04-23,11348476
2020-04-24,11178613
2020-04-25,10855017
2020-04-26,10290479
2020-04-27,11631916
2020-04-28,11044230
2020-04-29,9988151
2020-04-30,5715902
2020-05-01,5588515
2020-05-02,5412369
2020-05-03,5585772
2020-05-04,5880313
2020-05-05,5782490
2020-05-06,5960262
2020-05-07,5688498
2020-05-08,5548114
2020-05-09,5508415
2020-05-10,5533368
2020-05-11,5875084
2020-05-12,5782697
2020-05-13,5694764
2020-05-14,5627111
2020-05-15,5522941
2020-05-16,5462598
2020-05-17,5565583
2020-05-18,5881591
2020-05-19,5696592
2020-05-20,5625286
2020-05-21,5459893
2020-05-22,5406800
2020-05-23,5316342
2020-05-24,5235059
2020-05-25,5342837
2020-05-26,5479434
2020-05-27,5529294
2020-05-28,5480059
2020-05-29,5337778
2020-05-30,5286130
2020-05-31,5440104
2020-06-01,5673371
2020-06-02,5579501
2020-06-03,5470941
2020-06-04,5522054
2020-06-05,5453473
2020-06-06,5432659
2020-06-07,5474447
2020-06-08,5708050
2020-06-09,5623040
2020-06-10,5585188
2020-06-11,5460210
2020-06-12,5358612
2020-06-13,5264523
2020-06-14,5336226
2020-06-15,5698016
2020-06-16,5561194
2020-06-17,5377097
2020-06-18,5429383
2020-06-19,5374703
2020-06-20,5239211
2020-06-21,5344784
2020-06-22,5630717
2020-06-23,5556007
2020-06-24,5553291
2020-06-25,5470914
2020-06-26,5338362
2020-06-27,5416067
2020-06-28,5452636
2020-06-29,5773604
2020-06-30,5568595
2020-07-01,5576806
2020-07-02,5503586
2020-07-03,5271984
2020-07-04,5229803
2020-07-05,5314218
2020-07-06,5937974
2020-07-07,5836502
2020-07-08,5690136
2020-07-09,5569858
2020-07-10,5465090
2020-07-11,5581476
2020-07-12,5513813
2020-07-13,5905621
2020-07-14,5708922
2020-07-15,5661857
2020-07-16,5480274
2020-07-17,5342019
2020-07-18,5393205
2020-07-19,5485824
2020-07-20,5820820
2020-07-21,5635352
2020-07-22,5513493
2020-07-23,5494651
2020-07-24,5376995
2020-07-25,5427916
2020-07-26,5526559
2020-07-27,5825144
2020-07-28,5863603
2020-07-29,5514278
2020-07-30,5349428
2020-07-31,5245423
2020-08-01,5199665
2020-08-02,5349890
2020-08-03,5547707
2020-08-04,5736873
2020-08-05,5773429
2020-08-06,5408158
2020-08-07,5194697
2020-08-08,5087217
2020-08-09,5370791
2020-08-10,5683641
2020-08-11,5555515
2020-08-12,5456500
2020-08-13,5418178
2020-08-14,5232915
2020-08-15,5332293
2020-08-16,5418223
2020-08-17,5696627
2020-08-18,5580519
2020-08-19,5498651
2020-08-20,5410485
2020-08-21,5450060
2020-08-22,5478338
2020-08-23,5488993
2020-08-24,5763891
2020-08-25,5559854
2020-08-26,5533040
2020-08-27,6177123
2020-08-28,6448294
2020-08-29,5626532
2020-08-30,5024354
2020-08-31,5538772
2020-09-01,5446275
2020-09-02,5457001
2020-09-03,5343724
2020-09-04,5129483
2020-09-05,5097823
2020-09-06,5116300
2020-09-07,5492093
2020-09-08,5475554
2020-09-09,5424077
2020-09-10,5354919
2020-09-11,5191289
2020-09-12,5112021
2020-09-13,5286462
2020-09-14,5573749
2020-09-15,5487419
2020-09-16,5458654
2020-09-17,5423402
2020-09-18,5406760
2020-09-19,5524104
2020-09-20,5596008
2020-09-21,6131613
2020-09-22,5892334
2020-09-23,5866481
2020-09-24,5707766
2020-09-25,5510519
2020-09-26,5467323
2020-09-27,5556624
2020-09-28,5953350
2020-09-29,5846552
2020-09-30,5724844
2020-10-01,5735207
2020-10-02,5557949
2020-10-03,5524383
2020-10-04,5749870
2020-10-05,6097298
2020-10-06,6164835
2020-10-07,6022032
2020-10-08,5723181
2020-10-09,5628654
2020-10-10,5558560
2020-10-11,5791965
2020-10-12,6030795
2020-10-13,5923084
2020-10-14,5853154
2020-10-15,5677311
2020-10-16,5623087
2020-10-17,5548193
2020-10-18,5827651
2020-10-19,6111216
2020-10-20,5958492
2020-10-21,5898300
2020-10-22,5772197
2020-10-23,5595353
2020-10-24,5584065
2020-10-25,5533569
2020-10-26,6012828
2020-10-27,5907370
2020-10-28,5813846
2020-10-29,5751805
2020-10-30,5656054
2020-10-31,5653107
2020-11-01,5806229
2020-11-02,6350702
2020-11-03,6490612
2020-11-04,12150855
2020-11-05,9483148
2020-11-06,8290244
2020-11-07,7340538
2020-11-08,6474230
2020-11-09,6546545
2020-11-10,6436457
2020-11-11,6295706
2020-11-12,6302050
2020-11-13,5999049
2020-11-14,5921197
2020-11-15,6161282
2020-11-16,6350993
2020-11-17,6195788
2020-11-18,6186117
2020-11-19,6030837
2020-11-20,5859064
2020-11-21,5931181
2020-11-22,6107632
2020-11-23,6294490
2020-11-24,6092019
2020-11-25,6021290
2020-11-26,5859031
2020-11-27,5885971
2020-11-28,5994054
2020-11-29,6087954
2020-11-30,6406846
2020-12-01,6412254
2020-12-02,6358430
2020-12-03,6081100
2020-12-04,5943356
2020-12-05,5960552
2020-12-06,6196851
2020-12-07,6513585
2020-12-08,6238683
2020-12-09,6092758
2020-12-10,6021193
2020-12-11,5940845
2020-12-12,5926141
2020-12-13,6074571
2020-12-14,6482706
2020-12-15,6180143
2020-12-16,6040023
2020-12-17,5809933
2020-12-18,5636637
2020-12-19,5632236
2020-12-20,5746809
2020-12-21,5957507
2020-12-22,5768551
2020-12-23,5611676
2020-12-24,5338869
2020-12-25,5164591
2020-12-26,5889253
2020-12-27,6013649
2020-12-28,6165459
2020-12-29,6022145
2020-12-30,6018065
2020-12-31,5730550
2021-01-01,5854920
2021-01-02,6254815
2021-01-03,6292314
2021-01-04,6560737
2021-01-05,6348048
2021-01-06,6370412
2021-01-07,6255154
2021-01-08,6106072
2021-01-09,6132417
2021-01-10,6166704
2021-01-11,6586853
2021-01-12,6439535
2021-01-13,6378619
2021-01-14,6291419
2021-01-15,6380322
2021-01-16,6194270
2021-01-17,6139045
2021-01-18,6505394
2021-01-19,6486921
2021-01-20,6530361
2021-01-21,6362996
2021-01-22,6188550
2021-01-23,6289361
2021-01-24,6451942
2021-01-25,6643041
2021-01-26,6503465
2021-01-27,6517536
2021-01-28,6344095
2021-01-29,6253995
2021-01-30,6246691
2021-01-31,6394746
2021-02-01,6783551
2021-02-02,6562159
2021-02-03,6394857
2021-02-04,6344919
2021-02-05,6157195
2021-02-06,6346220
2021-02-07,6413561
2021-02-08,6800649
2021-02-09,6480168
2021-02-10,6204213
2021-02-11,6276548
2021-02-12,6105723
2021-02-13,6333182
2021-02-14,6268030
2021-02-15,6628895
2021-02-16,6457631
2021-02-17,6419100
2021-02-18,6558721
2021-02-19,6185229
2021-02-20,6265390
2021-02-21,6334686
2021-02-22,6767386
2021-02-23,6700070
2021-02-24,6710809
2021-02-25,6439136
2021-02-26,6270357
2021-02-27,6294324
2021-02-28,6387847
2021-03-01,6823493
2021-03-02,6610787
2021-03-03,6498597
2021-03-04,6406122
2021-03-05,6251556
2021-03-06,6188784
2021-03-07,6277620
2021-03-08,6556599
2021-03-09,6329694
2021-03-10,6349364
2021-03-11,6133775
2021-03-12,6058508
2021-03-13,6119143
2021-03-14,6249538
2021-03-15,6562354
2021-03-16,6387620
2021-03-17,6287639
2021-03-18,6215893
2021-03-19,6044042
2021-03-20,5890670
2021-03-21,5921600
2021-03-22,6262846
2021-03-23,6208840
2021-03-24,6213666
2021-03-25,6393712
2021-03-26,6133457
2021-03-27,5930752
2021-03-28,6624282
2021-03-29,6211622
2021-03-30,6101417
2021-03-31,6124920
2021-04-01,5903022
2021-04-02,5744495
2021-04-03,5898617
2021-04-04,6019047
2021-04-05,6449291
2021-04-06,6277326
2021-04-07,6215650
2021-04-08,6060005
2021-04-09,6047913
2021-04-10,6047111
2021-04-11,6114519
2021-04-12,6445745
2021-04-13,6152779
2021-04-14,6077237
2021-04-15,6117514
2021-04-16,5901408
2021-04-17,5848553
2021-04-18,6035462
2021-04-19,6509859
2021-04-20,6278412
2021-04-21,6202102
2021-04-22,6131391
2021-04-23,5858318
2021-04-24,5795235
2021-04-25,6053394
2021-04-26,6502405
2021-04-27,6274306
2021-04-28,6207091
2021-04-29,6147354
2021-04-30,5894006
2021-05-01,5832050
2021-05-02,5911254
2021-05-03,6425539
2021-05-04,6101243
2021-05-05,6182742
2021-05-06,6026503
2021-05-07,5905806
2021-05-08,5866743
2021-05-09,6004550
2021-05-10,6294163
2021-05-11,6245135
2021-05-12,6217901
2021-05-13,6005736
2021-05-14,5842715
2021-05-15,5936545
2021-05-16,6072801
2021-05-17,6543487
2021-05-18,6495921
2021-05-19,6382721
2021-05-20,6194209
2021-05-21,5932563
2021-05-22,6027363
2021-05-23,6113146
2021-05-24,6475024
2021-05-25,6428109
2021-05-26,6392846
2021-05-27,5972659
2021-05-28,5760814
2021-05-29,5697598
2021-05-30,5793052
2021-05-31,6134197
2021-06-01,6226771
2021-06-02,6323750
2021-06-03,6126062
2021-06-04,5848507
2021-06-05,5324667
2021-06-06,5664715
2021-06-07,6179939
2021-06-08,5964141
2021-06-09,5912216
2021-06-10,5862139
2021-06-11,5873858
2021-06-12,6119128
2021-06-13,6565561
2021-06-14,6372724
2021-06-15,6107617
2021-06-16,6022652
2021-06-17,5964767
2021-06-18,6209165
2021-06-19,5970548
2021-06-20,5921012
2021-06-21,6274575
2021-06-22,6404108
2021-06-23,6226084
2021-06-24,5697031
2021-06-25,5421378
2021-06-26,5636473
2021-06-27,5878167
2021-06-28,6367667
2021-06-29,7067781
2021-06-30,6072934
2021-07-01,5754598
2021-07-02,5808989
2021-07-03,6706348
2021-07-04,5795486
2021-07-05,5937652
2021-07-06,6325405
2021-07-07,7421026
2021-07-08,6221301
2021-07-09,5681557
2021-07-10,5857158
2021-07-11,7553692
2021-07-12,6381956
2021-07-13,5936107
2021-07-14,5838359
2021-07-15,5561639
2021-07-16,5420815
2021-07-17,5347547
2021-07-18,5399561
2021-07-19,5773282
2021-07-20,5673918
2021-07-21,5375547
2021-07-22,5528290
2021-07-23,5445931
2021-07-24,5584495
2021-07-25,5539454
2021-07-26,5900127
2021-07-27,5716663
2021-07-28,5693843
2021-07-29,5424190
2021-07-30,5440716
2021-07-31,5451248
2021-08-01,5615397
2021-08-02,5972384
2021-08-03,5796993
2021-08-04,5751064
2021-08-05,5705006
2021-08-06,5454718
2021-08-07,5614037
2021-08-08,5760117
2021-08-09,5989464
2021-08-10,5755549
2021-08-11,5860184
2021-08-12,5803320
2021-08-13,5635967
2021-08-14,5803175
2021-08-15,5853371
2021-08-16,6145974
2021-08-17,5842846
2021-08-18,5651346
2021-08-19,5722588
2021-08-20,5682365
2021-08-21,5687462
2021-08-22,5921491
2021-08-23,6183142
2021-08-24,6008185
2021-08-25,5950735
2021-08-26,5929550
2021-08-27,5728354
2021-08-28,5775503
2021-08-29,6005802
2021-08-30,6236329
2021-08-31,6196317
2021-09-01,6025547
2021-09-02,5818825
2021-09-03,5577826
2021-09-04,5651425
2021-09-05,5845411
2021-09-06,6163546
